/*
 Navicat MySQL Data Transfer

 Source Server         : nas
 Source Server Type    : MySQL
 Source Server Version : 80023
 Source Host           : yangwen.i234.me:3306
 Source Schema         : bubbling_frame2.0_workflow

 Target Server Type    : MySQL
 Target Server Version : 80023
 File Encoding         : 65001

 Date: 06/06/2021 18:05:12
*/

SET NAMES utf8mb4;
SET FOREIGN_KEY_CHECKS = 0;

-- ----------------------------
-- Table structure for act_evt_log
-- ----------------------------
DROP TABLE IF EXISTS `act_evt_log`;
CREATE TABLE `act_evt_log`  (
  `LOG_NR_` bigint(0) NOT NULL AUTO_INCREMENT,
  `TYPE_` varchar(64) CHARACTER SET utf8 COLLATE utf8_bin NULL DEFAULT NULL,
  `PROC_DEF_ID_` varchar(64) CHARACTER SET utf8 COLLATE utf8_bin NULL DEFAULT NULL,
  `PROC_INST_ID_` varchar(64) CHARACTER SET utf8 COLLATE utf8_bin NULL DEFAULT NULL,
  `EXECUTION_ID_` varchar(64) CHARACTER SET utf8 COLLATE utf8_bin NULL DEFAULT NULL,
  `TASK_ID_` varchar(64) CHARACTER SET utf8 COLLATE utf8_bin NULL DEFAULT NULL,
  `TIME_STAMP_` timestamp(3) NOT NULL,
  `USER_ID_` varchar(255) CHARACTER SET utf8 COLLATE utf8_bin NULL DEFAULT NULL,
  `DATA_` longblob NULL,
  `LOCK_OWNER_` varchar(255) CHARACTER SET utf8 COLLATE utf8_bin NULL DEFAULT NULL,
  `LOCK_TIME_` timestamp(3) NULL DEFAULT NULL,
  `IS_PROCESSED_` tinyint(0) NULL DEFAULT 0,
  PRIMARY KEY (`LOG_NR_`) USING BTREE
) ENGINE = InnoDB AUTO_INCREMENT = 1 CHARACTER SET = utf8 COLLATE = utf8_bin ROW_FORMAT = Dynamic;

-- ----------------------------
-- Table structure for act_ge_bytearray
-- ----------------------------
DROP TABLE IF EXISTS `act_ge_bytearray`;
CREATE TABLE `act_ge_bytearray`  (
  `ID_` varchar(64) CHARACTER SET utf8 COLLATE utf8_bin NOT NULL,
  `REV_` int(0) NULL DEFAULT NULL,
  `NAME_` varchar(255) CHARACTER SET utf8 COLLATE utf8_bin NULL DEFAULT NULL,
  `DEPLOYMENT_ID_` varchar(64) CHARACTER SET utf8 COLLATE utf8_bin NULL DEFAULT NULL,
  `BYTES_` longblob NULL,
  `GENERATED_` tinyint(0) NULL DEFAULT NULL,
  PRIMARY KEY (`ID_`) USING BTREE,
  INDEX `ACT_FK_BYTEARR_DEPL`(`DEPLOYMENT_ID_`) USING BTREE,
  CONSTRAINT `ACT_FK_BYTEARR_DEPL` FOREIGN KEY (`DEPLOYMENT_ID_`) REFERENCES `act_re_deployment` (`ID_`) ON DELETE RESTRICT ON UPDATE RESTRICT
) ENGINE = InnoDB CHARACTER SET = utf8 COLLATE = utf8_bin ROW_FORMAT = Dynamic;

-- ----------------------------
-- Records of act_ge_bytearray
-- ----------------------------
INSERT INTO `act_ge_bytearray` VALUES ('0947147c-bbb5-11eb-ae83-80fa5b4e5054', 1, 'bpmn', '0947147b-bbb5-11eb-ae83-80fa5b4e5054', 0x3C3F786D6C2076657273696F6E3D22312E302220656E636F64696E673D225554462D38223F3E0A3C646566696E6974696F6E7320786D6C6E733D22687474703A2F2F7777772E6F6D672E6F72672F737065632F42504D4E2F32303130303532342F4D4F44454C2220786D6C6E733A61637469766974693D22687474703A2F2F61637469766974692E6F72672F62706D6E2220786D6C6E733A62706D6E64693D22687474703A2F2F7777772E6F6D672E6F72672F737065632F42504D4E2F32303130303532342F44492220786D6C6E733A6F6D6764633D22687474703A2F2F7777772E6F6D672E6F72672F737065632F44442F32303130303532342F44432220786D6C6E733A6F6D6764693D22687474703A2F2F7777772E6F6D672E6F72672F737065632F44442F32303130303532342F44492220786D6C6E733A746E733D22687474703A2F2F7777772E61637469766974692E6F72672F746573742220786D6C6E733A7873643D22687474703A2F2F7777772E77332E6F72672F323030312F584D4C536368656D612220786D6C6E733A7873693D22687474703A2F2F7777772E77332E6F72672F323030312F584D4C536368656D612D696E7374616E6365222065787072657373696F6E4C616E67756167653D22687474703A2F2F7777772E77332E6F72672F313939392F5850617468222069643D226D3136323136363732313033353922206E616D653D2222207461726765744E616D6573706163653D22687474703A2F2F7777772E61637469766974692E6F72672F746573742220747970654C616E67756167653D22687474703A2F2F7777772E77332E6F72672F323030312F584D4C536368656D61223E0A20203C70726F636573732069643D22686F6C6964617922206E616D653D22E8AFB7E581872220697345786563757461626C653D2274727565223E0A202020203C73746172744576656E742069643D22737461727422206E616D653D22E5BC80E5A78B223E0A2020202020203C6F7574676F696E673E53657175656E6365466C6F775F306832317837723C2F6F7574676F696E673E0A202020203C2F73746172744576656E743E0A202020203C73657175656E6365466C6F772069643D2253657175656E6365466C6F775F306832317837722220736F757263655265663D22737461727422207461726765745265663D22736322202F3E0A202020203C757365725461736B2069643D22736322206E616D653D22E5AEA1E69FA5222061637469766974693A61737369676E65653D22247B7363557365727D222061637469766974693A63616E64696461746547726F7570733D22247B6F72677D223E0A2020202020203C696E636F6D696E673E53657175656E6365466C6F775F306832317837723C2F696E636F6D696E673E0A2020202020203C6F7574676F696E673E466C6F775F3178657836616C3C2F6F7574676F696E673E0A202020203C2F757365725461736B3E0A202020203C73657175656E6365466C6F772069643D22466C6F775F3178657836616C2220736F757263655265663D22736322207461726765745265663D22736822202F3E0A202020203C757365725461736B2069643D22736822206E616D653D22E5AEA1E6A0B8222061637469766974693A61737369676E65653D22247B7368557365727D222061637469766974693A63616E64696461746547726F7570733D22247B6F72677D223E0A2020202020203C696E636F6D696E673E466C6F775F3178657836616C3C2F696E636F6D696E673E0A2020202020203C6F7574676F696E673E466C6F775F303030756871653C2F6F7574676F696E673E0A202020203C2F757365725461736B3E0A202020203C656E644576656E742069643D22656E6422206E616D653D22E7BB93E69D9F223E0A2020202020203C696E636F6D696E673E466C6F775F303030756871653C2F696E636F6D696E673E0A202020203C2F656E644576656E743E0A202020203C73657175656E6365466C6F772069643D22466C6F775F303030756871652220736F757263655265663D22736822207461726765745265663D22656E6422202F3E0A20203C2F70726F636573733E0A20203C62706D6E64693A42504D4E4469616772616D2069643D2242706D6E4469616772616D5F31223E0A202020203C62706D6E64693A42504D4E506C616E652069643D2242706D6E506C616E655F31222062706D6E456C656D656E743D22686F6C69646179223E0A2020202020203C62706D6E64693A42504D4E456467652069643D22466C6F775F303030756871655F6469222062706D6E456C656D656E743D22466C6F775F30303075687165223E0A20202020202020203C6F6D6764693A776179706F696E7420783D223536302220793D2231323022202F3E0A20202020202020203C6F6D6764693A776179706F696E7420783D223638322220793D2231323022202F3E0A2020202020203C2F62706D6E64693A42504D4E456467653E0A2020202020203C62706D6E64693A42504D4E456467652069643D22466C6F775F3178657836616C5F6469222062706D6E456C656D656E743D22466C6F775F3178657836616C223E0A20202020202020203C6F6D6764693A776179706F696E7420783D223334302220793D2231323022202F3E0A20202020202020203C6F6D6764693A776179706F696E7420783D223436302220793D2231323022202F3E0A2020202020203C2F62706D6E64693A42504D4E456467653E0A2020202020203C62706D6E64693A42504D4E456467652069643D2253657175656E6365466C6F775F306832317837725F6469222062706D6E456C656D656E743D2253657175656E6365466C6F775F30683231783772223E0A20202020202020203C6F6D6764693A776179706F696E7420783D223138382220793D2231323022202F3E0A20202020202020203C6F6D6764693A776179706F696E7420783D223234302220793D2231323022202F3E0A2020202020203C2F62706D6E64693A42504D4E456467653E0A2020202020203C62706D6E64693A42504D4E53686170652069643D2253746172744576656E745F317934357975745F6469222062706D6E456C656D656E743D227374617274223E0A20202020202020203C6F6D6764633A426F756E647320783D223135322220793D22313032222077696474683D22333622206865696768743D22333622202F3E0A20202020202020203C62706D6E64693A42504D4E4C6162656C3E0A202020202020202020203C6F6D6764633A426F756E647320783D223136302220793D22313435222077696474683D22323322206865696768743D22313422202F3E0A20202020202020203C2F62706D6E64693A42504D4E4C6162656C3E0A2020202020203C2F62706D6E64693A42504D4E53686170653E0A2020202020203C62706D6E64693A42504D4E53686170652069643D2241637469766974795F316F34747733345F6469222062706D6E456C656D656E743D227363223E0A20202020202020203C6F6D6764633A426F756E647320783D223234302220793D223830222077696474683D2231303022206865696768743D22383022202F3E0A2020202020203C2F62706D6E64693A42504D4E53686170653E0A2020202020203C62706D6E64693A42504D4E53686170652069643D2241637469766974795F303162743474765F6469222062706D6E456C656D656E743D227368223E0A20202020202020203C6F6D6764633A426F756E647320783D223436302220793D223830222077696474683D2231303022206865696768743D22383022202F3E0A2020202020203C2F62706D6E64693A42504D4E53686170653E0A2020202020203C62706D6E64693A42504D4E53686170652069643D224576656E745F306A67637178705F6469222062706D6E456C656D656E743D22656E64223E0A20202020202020203C6F6D6764633A426F756E647320783D223638322220793D22313032222077696474683D22333622206865696768743D22333622202F3E0A20202020202020203C62706D6E64693A42504D4E4C6162656C3E0A202020202020202020203C6F6D6764633A426F756E647320783D223638392220793D22313435222077696474683D22323322206865696768743D22313422202F3E0A20202020202020203C2F62706D6E64693A42504D4E4C6162656C3E0A2020202020203C2F62706D6E64693A42504D4E53686170653E0A202020203C2F62706D6E64693A42504D4E506C616E653E0A20203C2F62706D6E64693A42504D4E4469616772616D3E0A3C2F646566696E6974696F6E733E0A, 0);
INSERT INTO `act_ge_bytearray` VALUES ('33b3ad0a-bbb5-11eb-ae83-80fa5b4e5054', 1, 'bpmn', '33b3ad09-bbb5-11eb-ae83-80fa5b4e5054', 0x3C3F786D6C2076657273696F6E3D22312E302220656E636F64696E673D225554462D38223F3E0A3C646566696E6974696F6E7320786D6C6E733D22687474703A2F2F7777772E6F6D672E6F72672F737065632F42504D4E2F32303130303532342F4D4F44454C2220786D6C6E733A61637469766974693D22687474703A2F2F61637469766974692E6F72672F62706D6E2220786D6C6E733A62706D6E64693D22687474703A2F2F7777772E6F6D672E6F72672F737065632F42504D4E2F32303130303532342F44492220786D6C6E733A6F6D6764633D22687474703A2F2F7777772E6F6D672E6F72672F737065632F44442F32303130303532342F44432220786D6C6E733A6F6D6764693D22687474703A2F2F7777772E6F6D672E6F72672F737065632F44442F32303130303532342F44492220786D6C6E733A746E733D22687474703A2F2F7777772E61637469766974692E6F72672F746573742220786D6C6E733A7873643D22687474703A2F2F7777772E77332E6F72672F323030312F584D4C536368656D612220786D6C6E733A7873693D22687474703A2F2F7777772E77332E6F72672F323030312F584D4C536368656D612D696E7374616E6365222065787072657373696F6E4C616E67756167653D22687474703A2F2F7777772E77332E6F72672F313939392F5850617468222069643D226D3136323136363732313033353922206E616D653D2222207461726765744E616D6573706163653D22687474703A2F2F7777772E61637469766974692E6F72672F746573742220747970654C616E67756167653D22687474703A2F2F7777772E77332E6F72672F323030312F584D4C536368656D61223E0A20203C70726F636573732069643D22686F6C6964617922206E616D653D22E8AFB7E581872220697345786563757461626C653D2274727565223E0A202020203C73746172744576656E742069643D22737461727422206E616D653D22E5BC80E5A78B223E0A2020202020203C6F7574676F696E673E53657175656E6365466C6F775F306832317837723C2F6F7574676F696E673E0A202020203C2F73746172744576656E743E0A202020203C73657175656E6365466C6F772069643D2253657175656E6365466C6F775F306832317837722220736F757263655265663D22737461727422207461726765745265663D22736322202F3E0A202020203C757365725461736B2069643D22736322206E616D653D22E5AEA1E69FA531222061637469766974693A61737369676E65653D22247B7363557365727D222061637469766974693A63616E64696461746547726F7570733D22247B6F72677D223E0A2020202020203C696E636F6D696E673E53657175656E6365466C6F775F306832317837723C2F696E636F6D696E673E0A2020202020203C6F7574676F696E673E466C6F775F3178657836616C3C2F6F7574676F696E673E0A202020203C2F757365725461736B3E0A202020203C73657175656E6365466C6F772069643D22466C6F775F3178657836616C2220736F757263655265663D22736322207461726765745265663D22736822202F3E0A202020203C757365725461736B2069643D22736822206E616D653D22E5AEA1E6A0B8222061637469766974693A61737369676E65653D22247B7368557365727D222061637469766974693A63616E64696461746547726F7570733D22247B6F72677D223E0A2020202020203C696E636F6D696E673E466C6F775F3178657836616C3C2F696E636F6D696E673E0A2020202020203C6F7574676F696E673E466C6F775F303030756871653C2F6F7574676F696E673E0A202020203C2F757365725461736B3E0A202020203C656E644576656E742069643D22656E6422206E616D653D22E7BB93E69D9F223E0A2020202020203C696E636F6D696E673E466C6F775F303030756871653C2F696E636F6D696E673E0A202020203C2F656E644576656E743E0A202020203C73657175656E6365466C6F772069643D22466C6F775F303030756871652220736F757263655265663D22736822207461726765745265663D22656E6422202F3E0A20203C2F70726F636573733E0A20203C62706D6E64693A42504D4E4469616772616D2069643D2242706D6E4469616772616D5F31223E0A202020203C62706D6E64693A42504D4E506C616E652069643D2242706D6E506C616E655F31222062706D6E456C656D656E743D22686F6C69646179223E0A2020202020203C62706D6E64693A42504D4E456467652069643D22466C6F775F303030756871655F6469222062706D6E456C656D656E743D22466C6F775F30303075687165223E0A20202020202020203C6F6D6764693A776179706F696E7420783D223536302220793D2231323022202F3E0A20202020202020203C6F6D6764693A776179706F696E7420783D223638322220793D2231323022202F3E0A2020202020203C2F62706D6E64693A42504D4E456467653E0A2020202020203C62706D6E64693A42504D4E456467652069643D22466C6F775F3178657836616C5F6469222062706D6E456C656D656E743D22466C6F775F3178657836616C223E0A20202020202020203C6F6D6764693A776179706F696E7420783D223334302220793D2231323022202F3E0A20202020202020203C6F6D6764693A776179706F696E7420783D223436302220793D2231323022202F3E0A2020202020203C2F62706D6E64693A42504D4E456467653E0A2020202020203C62706D6E64693A42504D4E456467652069643D2253657175656E6365466C6F775F306832317837725F6469222062706D6E456C656D656E743D2253657175656E6365466C6F775F30683231783772223E0A20202020202020203C6F6D6764693A776179706F696E7420783D223138382220793D2231323022202F3E0A20202020202020203C6F6D6764693A776179706F696E7420783D223234302220793D2231323022202F3E0A2020202020203C2F62706D6E64693A42504D4E456467653E0A2020202020203C62706D6E64693A42504D4E53686170652069643D2253746172744576656E745F317934357975745F6469222062706D6E456C656D656E743D227374617274223E0A20202020202020203C6F6D6764633A426F756E647320783D223135322220793D22313032222077696474683D22333622206865696768743D22333622202F3E0A20202020202020203C62706D6E64693A42504D4E4C6162656C3E0A202020202020202020203C6F6D6764633A426F756E647320783D223136302220793D22313435222077696474683D22323322206865696768743D22313422202F3E0A20202020202020203C2F62706D6E64693A42504D4E4C6162656C3E0A2020202020203C2F62706D6E64693A42504D4E53686170653E0A2020202020203C62706D6E64693A42504D4E53686170652069643D2241637469766974795F316F34747733345F6469222062706D6E456C656D656E743D227363223E0A20202020202020203C6F6D6764633A426F756E647320783D223234302220793D223830222077696474683D2231303022206865696768743D22383022202F3E0A2020202020203C2F62706D6E64693A42504D4E53686170653E0A2020202020203C62706D6E64693A42504D4E53686170652069643D2241637469766974795F303162743474765F6469222062706D6E456C656D656E743D227368223E0A20202020202020203C6F6D6764633A426F756E647320783D223436302220793D223830222077696474683D2231303022206865696768743D22383022202F3E0A2020202020203C2F62706D6E64693A42504D4E53686170653E0A2020202020203C62706D6E64693A42504D4E53686170652069643D224576656E745F306A67637178705F6469222062706D6E456C656D656E743D22656E64223E0A20202020202020203C6F6D6764633A426F756E647320783D223638322220793D22313032222077696474683D22333622206865696768743D22333622202F3E0A20202020202020203C62706D6E64693A42504D4E4C6162656C3E0A202020202020202020203C6F6D6764633A426F756E647320783D223638392220793D22313435222077696474683D22323322206865696768743D22313422202F3E0A20202020202020203C2F62706D6E64693A42504D4E4C6162656C3E0A2020202020203C2F62706D6E64693A42504D4E53686170653E0A202020203C2F62706D6E64693A42504D4E506C616E653E0A20203C2F62706D6E64693A42504D4E4469616772616D3E0A3C2F646566696E6974696F6E733E0A, 0);
INSERT INTO `act_ge_bytearray` VALUES ('87b2eec6-bbb4-11eb-be1e-80fa5b4e5054', 1, 'bpmn', '87b2eec5-bbb4-11eb-be1e-80fa5b4e5054', 0x3C3F786D6C2076657273696F6E3D22312E302220656E636F64696E673D225554462D38223F3E0A3C646566696E6974696F6E7320786D6C6E733D22687474703A2F2F7777772E6F6D672E6F72672F737065632F42504D4E2F32303130303532342F4D4F44454C2220786D6C6E733A61637469766974693D22687474703A2F2F61637469766974692E6F72672F62706D6E2220786D6C6E733A62706D6E64693D22687474703A2F2F7777772E6F6D672E6F72672F737065632F42504D4E2F32303130303532342F44492220786D6C6E733A6F6D6764633D22687474703A2F2F7777772E6F6D672E6F72672F737065632F44442F32303130303532342F44432220786D6C6E733A6F6D6764693D22687474703A2F2F7777772E6F6D672E6F72672F737065632F44442F32303130303532342F44492220786D6C6E733A746E733D22687474703A2F2F7777772E61637469766974692E6F72672F746573742220786D6C6E733A7873643D22687474703A2F2F7777772E77332E6F72672F323030312F584D4C536368656D612220786D6C6E733A7873693D22687474703A2F2F7777772E77332E6F72672F323030312F584D4C536368656D612D696E7374616E6365222065787072657373696F6E4C616E67756167653D22687474703A2F2F7777772E77332E6F72672F313939392F5850617468222069643D226D3136323136363732313033353922206E616D653D2222207461726765744E616D6573706163653D22687474703A2F2F7777772E61637469766974692E6F72672F746573742220747970654C616E67756167653D22687474703A2F2F7777772E77332E6F72672F323030312F584D4C536368656D61223E0A20203C70726F636573732069643D22686F6C6964617922206E616D653D22E8AFB7E581872220697345786563757461626C653D2274727565223E0A202020203C73746172744576656E742069643D22737461727422206E616D653D226B6169736869223E0A2020202020203C6F7574676F696E673E53657175656E6365466C6F775F306832317837723C2F6F7574676F696E673E0A202020203C2F73746172744576656E743E0A202020203C73657175656E6365466C6F772069643D2253657175656E6365466C6F775F306832317837722220736F757263655265663D22737461727422207461726765745265663D22736322202F3E0A202020203C757365725461736B2069643D22736322206E616D653D22E5AEA1E69FA5222061637469766974693A61737369676E65653D22247B7363557365727D222061637469766974693A63616E64696461746547726F7570733D22247B6F72677D223E0A2020202020203C696E636F6D696E673E53657175656E6365466C6F775F306832317837723C2F696E636F6D696E673E0A2020202020203C6F7574676F696E673E466C6F775F3178657836616C3C2F6F7574676F696E673E0A202020203C2F757365725461736B3E0A202020203C73657175656E6365466C6F772069643D22466C6F775F3178657836616C2220736F757263655265663D22736322207461726765745265663D22736822202F3E0A202020203C757365725461736B2069643D22736822206E616D653D22E5AEA1E6A0B8222061637469766974693A61737369676E65653D22247B7368557365727D222061637469766974693A63616E64696461746547726F7570733D22247B6F72677D223E0A2020202020203C696E636F6D696E673E466C6F775F3178657836616C3C2F696E636F6D696E673E0A2020202020203C6F7574676F696E673E466C6F775F303030756871653C2F6F7574676F696E673E0A202020203C2F757365725461736B3E0A202020203C656E644576656E742069643D22656E6422206E616D653D22E7BB93E69D9F223E0A2020202020203C696E636F6D696E673E466C6F775F303030756871653C2F696E636F6D696E673E0A202020203C2F656E644576656E743E0A202020203C73657175656E6365466C6F772069643D22466C6F775F303030756871652220736F757263655265663D22736822207461726765745265663D22656E6422202F3E0A20203C2F70726F636573733E0A20203C62706D6E64693A42504D4E4469616772616D2069643D2242706D6E4469616772616D5F31223E0A202020203C62706D6E64693A42504D4E506C616E652069643D2242706D6E506C616E655F31222062706D6E456C656D656E743D22686F6C69646179223E0A2020202020203C62706D6E64693A42504D4E456467652069643D22466C6F775F3178657836616C5F6469222062706D6E456C656D656E743D22466C6F775F3178657836616C223E0A20202020202020203C6F6D6764693A776179706F696E7420783D223334302220793D2231323022202F3E0A20202020202020203C6F6D6764693A776179706F696E7420783D223436302220793D2231323022202F3E0A2020202020203C2F62706D6E64693A42504D4E456467653E0A2020202020203C62706D6E64693A42504D4E456467652069643D2253657175656E6365466C6F775F306832317837725F6469222062706D6E456C656D656E743D2253657175656E6365466C6F775F30683231783772223E0A20202020202020203C6F6D6764693A776179706F696E7420783D223138382220793D2231323022202F3E0A20202020202020203C6F6D6764693A776179706F696E7420783D223234302220793D2231323022202F3E0A2020202020203C2F62706D6E64693A42504D4E456467653E0A2020202020203C62706D6E64693A42504D4E456467652069643D22466C6F775F303030756871655F6469222062706D6E456C656D656E743D22466C6F775F30303075687165223E0A20202020202020203C6F6D6764693A776179706F696E7420783D223536302220793D2231323022202F3E0A20202020202020203C6F6D6764693A776179706F696E7420783D223638322220793D2231323022202F3E0A2020202020203C2F62706D6E64693A42504D4E456467653E0A2020202020203C62706D6E64693A42504D4E53686170652069643D2253746172744576656E745F317934357975745F6469222062706D6E456C656D656E743D227374617274223E0A20202020202020203C6F6D6764633A426F756E647320783D223135322220793D22313032222077696474683D22333622206865696768743D22333622202F3E0A20202020202020203C62706D6E64693A42504D4E4C6162656C3E0A202020202020202020203C6F6D6764633A426F756E647320783D223135372220793D22313435222077696474683D22323922206865696768743D22313422202F3E0A20202020202020203C2F62706D6E64693A42504D4E4C6162656C3E0A2020202020203C2F62706D6E64693A42504D4E53686170653E0A2020202020203C62706D6E64693A42504D4E53686170652069643D2241637469766974795F316F34747733345F6469222062706D6E456C656D656E743D227363223E0A20202020202020203C6F6D6764633A426F756E647320783D223234302220793D223830222077696474683D2231303022206865696768743D22383022202F3E0A2020202020203C2F62706D6E64693A42504D4E53686170653E0A2020202020203C62706D6E64693A42504D4E53686170652069643D2241637469766974795F303162743474765F6469222062706D6E456C656D656E743D227368223E0A20202020202020203C6F6D6764633A426F756E647320783D223436302220793D223830222077696474683D2231303022206865696768743D22383022202F3E0A2020202020203C2F62706D6E64693A42504D4E53686170653E0A2020202020203C62706D6E64693A42504D4E53686170652069643D224576656E745F306A67637178705F6469222062706D6E456C656D656E743D22656E64223E0A20202020202020203C6F6D6764633A426F756E647320783D223638322220793D22313032222077696474683D22333622206865696768743D22333622202F3E0A20202020202020203C62706D6E64693A42504D4E4C6162656C3E0A202020202020202020203C6F6D6764633A426F756E647320783D223638392220793D22313435222077696474683D22323322206865696768743D22313422202F3E0A20202020202020203C2F62706D6E64693A42504D4E4C6162656C3E0A2020202020203C2F62706D6E64693A42504D4E53686170653E0A202020203C2F62706D6E64693A42504D4E506C616E653E0A20203C2F62706D6E64693A42504D4E4469616772616D3E0A3C2F646566696E6974696F6E733E0A, 0);
INSERT INTO `act_ge_bytearray` VALUES ('9ccc6439-bbb4-11eb-be1e-80fa5b4e5054', 1, 'bpmn', '9ccc6438-bbb4-11eb-be1e-80fa5b4e5054', 0x3C3F786D6C2076657273696F6E3D22312E302220656E636F64696E673D225554462D38223F3E0A3C646566696E6974696F6E7320786D6C6E733D22687474703A2F2F7777772E6F6D672E6F72672F737065632F42504D4E2F32303130303532342F4D4F44454C2220786D6C6E733A61637469766974693D22687474703A2F2F61637469766974692E6F72672F62706D6E2220786D6C6E733A62706D6E64693D22687474703A2F2F7777772E6F6D672E6F72672F737065632F42504D4E2F32303130303532342F44492220786D6C6E733A6F6D6764633D22687474703A2F2F7777772E6F6D672E6F72672F737065632F44442F32303130303532342F44432220786D6C6E733A6F6D6764693D22687474703A2F2F7777772E6F6D672E6F72672F737065632F44442F32303130303532342F44492220786D6C6E733A746E733D22687474703A2F2F7777772E61637469766974692E6F72672F746573742220786D6C6E733A7873643D22687474703A2F2F7777772E77332E6F72672F323030312F584D4C536368656D612220786D6C6E733A7873693D22687474703A2F2F7777772E77332E6F72672F323030312F584D4C536368656D612D696E7374616E6365222065787072657373696F6E4C616E67756167653D22687474703A2F2F7777772E77332E6F72672F313939392F5850617468222069643D226D3136323136363732313033353922206E616D653D2222207461726765744E616D6573706163653D22687474703A2F2F7777772E61637469766974692E6F72672F746573742220747970654C616E67756167653D22687474703A2F2F7777772E77332E6F72672F323030312F584D4C536368656D61223E0A20203C70726F636573732069643D22686F6C6964617922206E616D653D22E8AFB7E581872220697345786563757461626C653D2274727565223E0A202020203C73746172744576656E742069643D22737461727422206E616D653D226B6169736869223E0A2020202020203C6F7574676F696E673E53657175656E6365466C6F775F306832317837723C2F6F7574676F696E673E0A202020203C2F73746172744576656E743E0A202020203C73657175656E6365466C6F772069643D2253657175656E6365466C6F775F306832317837722220736F757263655265663D22737461727422207461726765745265663D22736322202F3E0A202020203C757365725461736B2069643D22736322206E616D653D22E5AEA1E69FA5222061637469766974693A61737369676E65653D22247B7363557365727D222061637469766974693A63616E64696461746547726F7570733D22247B6F72677D223E0A2020202020203C696E636F6D696E673E53657175656E6365466C6F775F306832317837723C2F696E636F6D696E673E0A2020202020203C6F7574676F696E673E466C6F775F3178657836616C3C2F6F7574676F696E673E0A202020203C2F757365725461736B3E0A202020203C73657175656E6365466C6F772069643D22466C6F775F3178657836616C2220736F757263655265663D22736322207461726765745265663D22736822202F3E0A202020203C757365725461736B2069643D22736822206E616D653D22E5AEA1E6A0B8222061637469766974693A61737369676E65653D22247B7368557365727D222061637469766974693A63616E64696461746547726F7570733D22247B6F72677D223E0A2020202020203C696E636F6D696E673E466C6F775F3178657836616C3C2F696E636F6D696E673E0A2020202020203C6F7574676F696E673E466C6F775F303030756871653C2F6F7574676F696E673E0A202020203C2F757365725461736B3E0A202020203C656E644576656E742069643D22656E6422206E616D653D22E7BB93E69D9F223E0A2020202020203C696E636F6D696E673E466C6F775F303030756871653C2F696E636F6D696E673E0A202020203C2F656E644576656E743E0A202020203C73657175656E6365466C6F772069643D22466C6F775F303030756871652220736F757263655265663D22736822207461726765745265663D22656E6422202F3E0A20203C2F70726F636573733E0A20203C62706D6E64693A42504D4E4469616772616D2069643D2242706D6E4469616772616D5F31223E0A202020203C62706D6E64693A42504D4E506C616E652069643D2242706D6E506C616E655F31222062706D6E456C656D656E743D22686F6C69646179223E0A2020202020203C62706D6E64693A42504D4E456467652069643D22466C6F775F3178657836616C5F6469222062706D6E456C656D656E743D22466C6F775F3178657836616C223E0A20202020202020203C6F6D6764693A776179706F696E7420783D223334302220793D2231323022202F3E0A20202020202020203C6F6D6764693A776179706F696E7420783D223436302220793D2231323022202F3E0A2020202020203C2F62706D6E64693A42504D4E456467653E0A2020202020203C62706D6E64693A42504D4E456467652069643D2253657175656E6365466C6F775F306832317837725F6469222062706D6E456C656D656E743D2253657175656E6365466C6F775F30683231783772223E0A20202020202020203C6F6D6764693A776179706F696E7420783D223138382220793D2231323022202F3E0A20202020202020203C6F6D6764693A776179706F696E7420783D223234302220793D2231323022202F3E0A2020202020203C2F62706D6E64693A42504D4E456467653E0A2020202020203C62706D6E64693A42504D4E456467652069643D22466C6F775F303030756871655F6469222062706D6E456C656D656E743D22466C6F775F30303075687165223E0A20202020202020203C6F6D6764693A776179706F696E7420783D223536302220793D2231323022202F3E0A20202020202020203C6F6D6764693A776179706F696E7420783D223638322220793D2231323022202F3E0A2020202020203C2F62706D6E64693A42504D4E456467653E0A2020202020203C62706D6E64693A42504D4E53686170652069643D2253746172744576656E745F317934357975745F6469222062706D6E456C656D656E743D227374617274223E0A20202020202020203C6F6D6764633A426F756E647320783D223135322220793D22313032222077696474683D22333622206865696768743D22333622202F3E0A20202020202020203C62706D6E64693A42504D4E4C6162656C3E0A202020202020202020203C6F6D6764633A426F756E647320783D223135372220793D22313435222077696474683D22323922206865696768743D22313422202F3E0A20202020202020203C2F62706D6E64693A42504D4E4C6162656C3E0A2020202020203C2F62706D6E64693A42504D4E53686170653E0A2020202020203C62706D6E64693A42504D4E53686170652069643D2241637469766974795F316F34747733345F6469222062706D6E456C656D656E743D227363223E0A20202020202020203C6F6D6764633A426F756E647320783D223234302220793D223830222077696474683D2231303022206865696768743D22383022202F3E0A2020202020203C2F62706D6E64693A42504D4E53686170653E0A2020202020203C62706D6E64693A42504D4E53686170652069643D2241637469766974795F303162743474765F6469222062706D6E456C656D656E743D227368223E0A20202020202020203C6F6D6764633A426F756E647320783D223436302220793D223830222077696474683D2231303022206865696768743D22383022202F3E0A2020202020203C2F62706D6E64693A42504D4E53686170653E0A2020202020203C62706D6E64693A42504D4E53686170652069643D224576656E745F306A67637178705F6469222062706D6E456C656D656E743D22656E64223E0A20202020202020203C6F6D6764633A426F756E647320783D223638322220793D22313032222077696474683D22333622206865696768743D22333622202F3E0A20202020202020203C62706D6E64693A42504D4E4C6162656C3E0A202020202020202020203C6F6D6764633A426F756E647320783D223638392220793D22313435222077696474683D22323322206865696768743D22313422202F3E0A20202020202020203C2F62706D6E64693A42504D4E4C6162656C3E0A2020202020203C2F62706D6E64693A42504D4E53686170653E0A202020203C2F62706D6E64693A42504D4E506C616E653E0A20203C2F62706D6E64693A42504D4E4469616772616D3E0A3C2F646566696E6974696F6E733E0A, 0);

-- ----------------------------
-- Table structure for act_ge_property
-- ----------------------------
DROP TABLE IF EXISTS `act_ge_property`;
CREATE TABLE `act_ge_property`  (
  `NAME_` varchar(64) CHARACTER SET utf8 COLLATE utf8_bin NOT NULL,
  `VALUE_` varchar(300) CHARACTER SET utf8 COLLATE utf8_bin NULL DEFAULT NULL,
  `REV_` int(0) NULL DEFAULT NULL,
  PRIMARY KEY (`NAME_`) USING BTREE
) ENGINE = InnoDB CHARACTER SET = utf8 COLLATE = utf8_bin ROW_FORMAT = Dynamic;

-- ----------------------------
-- Records of act_ge_property
-- ----------------------------
INSERT INTO `act_ge_property` VALUES ('cfg.execution-related-entities-count', 'false', 1);
INSERT INTO `act_ge_property` VALUES ('next.dbid', '1', 1);
INSERT INTO `act_ge_property` VALUES ('schema.history', 'create(7.0.0.0)', 1);
INSERT INTO `act_ge_property` VALUES ('schema.version', '7.0.0.0', 1);

-- ----------------------------
-- Table structure for act_hi_actinst
-- ----------------------------
DROP TABLE IF EXISTS `act_hi_actinst`;
CREATE TABLE `act_hi_actinst`  (
  `ID_` varchar(64) CHARACTER SET utf8 COLLATE utf8_bin NOT NULL,
  `PROC_DEF_ID_` varchar(64) CHARACTER SET utf8 COLLATE utf8_bin NOT NULL,
  `PROC_INST_ID_` varchar(64) CHARACTER SET utf8 COLLATE utf8_bin NOT NULL,
  `EXECUTION_ID_` varchar(64) CHARACTER SET utf8 COLLATE utf8_bin NOT NULL,
  `ACT_ID_` varchar(255) CHARACTER SET utf8 COLLATE utf8_bin NOT NULL,
  `TASK_ID_` varchar(64) CHARACTER SET utf8 COLLATE utf8_bin NULL DEFAULT NULL,
  `CALL_PROC_INST_ID_` varchar(64) CHARACTER SET utf8 COLLATE utf8_bin NULL DEFAULT NULL,
  `ACT_NAME_` varchar(255) CHARACTER SET utf8 COLLATE utf8_bin NULL DEFAULT NULL,
  `ACT_TYPE_` varchar(255) CHARACTER SET utf8 COLLATE utf8_bin NOT NULL,
  `ASSIGNEE_` varchar(255) CHARACTER SET utf8 COLLATE utf8_bin NULL DEFAULT NULL,
  `START_TIME_` datetime(3) NOT NULL,
  `END_TIME_` datetime(3) NULL DEFAULT NULL,
  `DURATION_` bigint(0) NULL DEFAULT NULL,
  `DELETE_REASON_` varchar(4000) CHARACTER SET utf8 COLLATE utf8_bin NULL DEFAULT NULL,
  `TENANT_ID_` varchar(255) CHARACTER SET utf8 COLLATE utf8_bin NULL DEFAULT '',
  PRIMARY KEY (`ID_`) USING BTREE,
  INDEX `ACT_IDX_HI_ACT_INST_START`(`START_TIME_`) USING BTREE,
  INDEX `ACT_IDX_HI_ACT_INST_END`(`END_TIME_`) USING BTREE,
  INDEX `ACT_IDX_HI_ACT_INST_PROCINST`(`PROC_INST_ID_`, `ACT_ID_`) USING BTREE,
  INDEX `ACT_IDX_HI_ACT_INST_EXEC`(`EXECUTION_ID_`, `ACT_ID_`) USING BTREE
) ENGINE = InnoDB CHARACTER SET = utf8 COLLATE = utf8_bin ROW_FORMAT = Dynamic;

-- ----------------------------
-- Records of act_hi_actinst
-- ----------------------------
INSERT INTO `act_hi_actinst` VALUES ('10b4cf2c-bbbd-11eb-8598-80fa5b4e5054', 'holiday:4:33bf1ebb-bbb5-11eb-ae83-80fa5b4e5054', '10b28536-bbbd-11eb-8598-80fa5b4e5054', '10b459fb-bbbd-11eb-8598-80fa5b4e5054', 'start', NULL, NULL, '开始', 'startEvent', NULL, '2021-05-23 19:50:26.843', '2021-05-23 19:50:26.845', 2, NULL, '');
INSERT INTO `act_hi_actinst` VALUES ('10b5927d-bbbd-11eb-8598-80fa5b4e5054', 'holiday:4:33bf1ebb-bbb5-11eb-ae83-80fa5b4e5054', '10b28536-bbbd-11eb-8598-80fa5b4e5054', '10b459fb-bbbd-11eb-8598-80fa5b4e5054', 'sc', '10b7dc6e-bbbd-11eb-8598-80fa5b4e5054', NULL, '审查1', 'userTask', '123', '2021-05-23 19:50:26.848', '2021-05-23 20:16:43.170', 1576322, NULL, '');
INSERT INTO `act_hi_actinst` VALUES ('1438bf14-bbb5-11eb-ae83-80fa5b4e5054', 'holiday:3:096571ed-bbb5-11eb-ae83-80fa5b4e5054', '1437868e-bbb5-11eb-ae83-80fa5b4e5054', '143849e3-bbb5-11eb-ae83-80fa5b4e5054', 'start', NULL, NULL, '开始', 'startEvent', NULL, '2021-05-23 18:53:16.767', '2021-05-23 18:53:16.771', 4, NULL, '');
INSERT INTO `act_hi_actinst` VALUES ('1439d085-bbb5-11eb-ae83-80fa5b4e5054', 'holiday:3:096571ed-bbb5-11eb-ae83-80fa5b4e5054', '1437868e-bbb5-11eb-ae83-80fa5b4e5054', '143849e3-bbb5-11eb-ae83-80fa5b4e5054', 'sc', '14447ee6-bbb5-11eb-ae83-80fa5b4e5054', NULL, '审查', 'userTask', 'jack', '2021-05-23 18:53:16.774', NULL, NULL, NULL, '');
INSERT INTO `act_hi_actinst` VALUES ('36e0d122-bbb5-11eb-ae83-80fa5b4e5054', 'holiday:4:33bf1ebb-bbb5-11eb-ae83-80fa5b4e5054', '36e0aa0c-bbb5-11eb-ae83-80fa5b4e5054', '36e0aa11-bbb5-11eb-ae83-80fa5b4e5054', 'start', NULL, NULL, '开始', 'startEvent', NULL, '2021-05-23 18:54:14.911', '2021-05-23 18:54:14.911', 0, NULL, '');
INSERT INTO `act_hi_actinst` VALUES ('36e0d123-bbb5-11eb-ae83-80fa5b4e5054', 'holiday:4:33bf1ebb-bbb5-11eb-ae83-80fa5b4e5054', '36e0aa0c-bbb5-11eb-ae83-80fa5b4e5054', '36e0aa11-bbb5-11eb-ae83-80fa5b4e5054', 'sc', '36e0d124-bbb5-11eb-ae83-80fa5b4e5054', NULL, '审查1', 'userTask', 'jack', '2021-05-23 18:54:14.911', NULL, NULL, NULL, '');
INSERT INTO `act_hi_actinst` VALUES ('bc464a55-bbc0-11eb-ae0f-80fa5b4e5054', 'holiday:4:33bf1ebb-bbb5-11eb-ae83-80fa5b4e5054', '10b28536-bbbd-11eb-8598-80fa5b4e5054', '10b459fb-bbbd-11eb-8598-80fa5b4e5054', 'sh', 'bc497ea6-bbc0-11eb-ae0f-80fa5b4e5054', NULL, '审核', 'userTask', '128f0cef30bb5de95bfbd58dc2ca3114', '2021-05-23 20:16:43.177', NULL, NULL, NULL, '');

-- ----------------------------
-- Table structure for act_hi_attachment
-- ----------------------------
DROP TABLE IF EXISTS `act_hi_attachment`;
CREATE TABLE `act_hi_attachment`  (
  `ID_` varchar(64) CHARACTER SET utf8 COLLATE utf8_bin NOT NULL,
  `REV_` int(0) NULL DEFAULT NULL,
  `USER_ID_` varchar(255) CHARACTER SET utf8 COLLATE utf8_bin NULL DEFAULT NULL,
  `NAME_` varchar(255) CHARACTER SET utf8 COLLATE utf8_bin NULL DEFAULT NULL,
  `DESCRIPTION_` varchar(4000) CHARACTER SET utf8 COLLATE utf8_bin NULL DEFAULT NULL,
  `TYPE_` varchar(255) CHARACTER SET utf8 COLLATE utf8_bin NULL DEFAULT NULL,
  `TASK_ID_` varchar(64) CHARACTER SET utf8 COLLATE utf8_bin NULL DEFAULT NULL,
  `PROC_INST_ID_` varchar(64) CHARACTER SET utf8 COLLATE utf8_bin NULL DEFAULT NULL,
  `URL_` varchar(4000) CHARACTER SET utf8 COLLATE utf8_bin NULL DEFAULT NULL,
  `CONTENT_ID_` varchar(64) CHARACTER SET utf8 COLLATE utf8_bin NULL DEFAULT NULL,
  `TIME_` datetime(3) NULL DEFAULT NULL,
  PRIMARY KEY (`ID_`) USING BTREE
) ENGINE = InnoDB CHARACTER SET = utf8 COLLATE = utf8_bin ROW_FORMAT = Dynamic;

-- ----------------------------
-- Table structure for act_hi_comment
-- ----------------------------
DROP TABLE IF EXISTS `act_hi_comment`;
CREATE TABLE `act_hi_comment`  (
  `ID_` varchar(64) CHARACTER SET utf8 COLLATE utf8_bin NOT NULL,
  `TYPE_` varchar(255) CHARACTER SET utf8 COLLATE utf8_bin NULL DEFAULT NULL,
  `TIME_` datetime(3) NOT NULL,
  `USER_ID_` varchar(255) CHARACTER SET utf8 COLLATE utf8_bin NULL DEFAULT NULL,
  `TASK_ID_` varchar(64) CHARACTER SET utf8 COLLATE utf8_bin NULL DEFAULT NULL,
  `PROC_INST_ID_` varchar(64) CHARACTER SET utf8 COLLATE utf8_bin NULL DEFAULT NULL,
  `ACTION_` varchar(255) CHARACTER SET utf8 COLLATE utf8_bin NULL DEFAULT NULL,
  `MESSAGE_` varchar(4000) CHARACTER SET utf8 COLLATE utf8_bin NULL DEFAULT NULL,
  `FULL_MSG_` longblob NULL,
  PRIMARY KEY (`ID_`) USING BTREE
) ENGINE = InnoDB CHARACTER SET = utf8 COLLATE = utf8_bin ROW_FORMAT = Dynamic;

-- ----------------------------
-- Table structure for act_hi_detail
-- ----------------------------
DROP TABLE IF EXISTS `act_hi_detail`;
CREATE TABLE `act_hi_detail`  (
  `ID_` varchar(64) CHARACTER SET utf8 COLLATE utf8_bin NOT NULL,
  `TYPE_` varchar(255) CHARACTER SET utf8 COLLATE utf8_bin NOT NULL,
  `PROC_INST_ID_` varchar(64) CHARACTER SET utf8 COLLATE utf8_bin NULL DEFAULT NULL,
  `EXECUTION_ID_` varchar(64) CHARACTER SET utf8 COLLATE utf8_bin NULL DEFAULT NULL,
  `TASK_ID_` varchar(64) CHARACTER SET utf8 COLLATE utf8_bin NULL DEFAULT NULL,
  `ACT_INST_ID_` varchar(64) CHARACTER SET utf8 COLLATE utf8_bin NULL DEFAULT NULL,
  `NAME_` varchar(255) CHARACTER SET utf8 COLLATE utf8_bin NOT NULL,
  `VAR_TYPE_` varchar(255) CHARACTER SET utf8 COLLATE utf8_bin NULL DEFAULT NULL,
  `REV_` int(0) NULL DEFAULT NULL,
  `TIME_` datetime(3) NOT NULL,
  `BYTEARRAY_ID_` varchar(64) CHARACTER SET utf8 COLLATE utf8_bin NULL DEFAULT NULL,
  `DOUBLE_` double NULL DEFAULT NULL,
  `LONG_` bigint(0) NULL DEFAULT NULL,
  `TEXT_` varchar(4000) CHARACTER SET utf8 COLLATE utf8_bin NULL DEFAULT NULL,
  `TEXT2_` varchar(4000) CHARACTER SET utf8 COLLATE utf8_bin NULL DEFAULT NULL,
  PRIMARY KEY (`ID_`) USING BTREE,
  INDEX `ACT_IDX_HI_DETAIL_PROC_INST`(`PROC_INST_ID_`) USING BTREE,
  INDEX `ACT_IDX_HI_DETAIL_ACT_INST`(`ACT_INST_ID_`) USING BTREE,
  INDEX `ACT_IDX_HI_DETAIL_TIME`(`TIME_`) USING BTREE,
  INDEX `ACT_IDX_HI_DETAIL_NAME`(`NAME_`) USING BTREE,
  INDEX `ACT_IDX_HI_DETAIL_TASK_ID`(`TASK_ID_`) USING BTREE
) ENGINE = InnoDB CHARACTER SET = utf8 COLLATE = utf8_bin ROW_FORMAT = Dynamic;

-- ----------------------------
-- Records of act_hi_detail
-- ----------------------------
INSERT INTO `act_hi_detail` VALUES ('10b34888-bbbd-11eb-8598-80fa5b4e5054', 'VariableUpdate', '10b28536-bbbd-11eb-8598-80fa5b4e5054', '10b28536-bbbd-11eb-8598-80fa5b4e5054', NULL, NULL, 'scUser', 'string', 0, '2021-05-23 19:50:26.833', NULL, NULL, NULL, '123', NULL);
INSERT INTO `act_hi_detail` VALUES ('10b40bda-bbbd-11eb-8598-80fa5b4e5054', 'VariableUpdate', '10b28536-bbbd-11eb-8598-80fa5b4e5054', '10b28536-bbbd-11eb-8598-80fa5b4e5054', NULL, NULL, 'org', 'string', 0, '2021-05-23 19:50:26.838', NULL, NULL, NULL, 'activitiTeam', NULL);
INSERT INTO `act_hi_detail` VALUES ('1437d4b0-bbb5-11eb-ae83-80fa5b4e5054', 'VariableUpdate', '1437868e-bbb5-11eb-ae83-80fa5b4e5054', '1437868e-bbb5-11eb-ae83-80fa5b4e5054', NULL, NULL, 'scUser', 'string', 0, '2021-05-23 18:53:16.761', NULL, NULL, NULL, 'jack', NULL);
INSERT INTO `act_hi_detail` VALUES ('143822d2-bbb5-11eb-ae83-80fa5b4e5054', 'VariableUpdate', '1437868e-bbb5-11eb-ae83-80fa5b4e5054', '1437868e-bbb5-11eb-ae83-80fa5b4e5054', NULL, NULL, 'org', 'string', 0, '2021-05-23 18:53:16.763', NULL, NULL, NULL, 'activitiTeam', NULL);
INSERT INTO `act_hi_detail` VALUES ('36e0aa0e-bbb5-11eb-ae83-80fa5b4e5054', 'VariableUpdate', '36e0aa0c-bbb5-11eb-ae83-80fa5b4e5054', '36e0aa0c-bbb5-11eb-ae83-80fa5b4e5054', NULL, NULL, 'scUser', 'string', 0, '2021-05-23 18:54:14.910', NULL, NULL, NULL, 'jack', NULL);
INSERT INTO `act_hi_detail` VALUES ('36e0aa10-bbb5-11eb-ae83-80fa5b4e5054', 'VariableUpdate', '36e0aa0c-bbb5-11eb-ae83-80fa5b4e5054', '36e0aa0c-bbb5-11eb-ae83-80fa5b4e5054', NULL, NULL, 'org', 'string', 0, '2021-05-23 18:54:14.910', NULL, NULL, NULL, 'activitiTeam', NULL);
INSERT INTO `act_hi_detail` VALUES ('bc358174-bbc0-11eb-ae0f-80fa5b4e5054', 'VariableUpdate', '10b28536-bbbd-11eb-8598-80fa5b4e5054', '10b28536-bbbd-11eb-8598-80fa5b4e5054', NULL, '10b5927d-bbbd-11eb-8598-80fa5b4e5054', 'shUser', 'string', 0, '2021-05-23 20:16:43.067', NULL, NULL, NULL, '128f0cef30bb5de95bfbd58dc2ca3114', NULL);

-- ----------------------------
-- Table structure for act_hi_identitylink
-- ----------------------------
DROP TABLE IF EXISTS `act_hi_identitylink`;
CREATE TABLE `act_hi_identitylink`  (
  `ID_` varchar(64) CHARACTER SET utf8 COLLATE utf8_bin NOT NULL,
  `GROUP_ID_` varchar(255) CHARACTER SET utf8 COLLATE utf8_bin NULL DEFAULT NULL,
  `TYPE_` varchar(255) CHARACTER SET utf8 COLLATE utf8_bin NULL DEFAULT NULL,
  `USER_ID_` varchar(255) CHARACTER SET utf8 COLLATE utf8_bin NULL DEFAULT NULL,
  `TASK_ID_` varchar(64) CHARACTER SET utf8 COLLATE utf8_bin NULL DEFAULT NULL,
  `PROC_INST_ID_` varchar(64) CHARACTER SET utf8 COLLATE utf8_bin NULL DEFAULT NULL,
  PRIMARY KEY (`ID_`) USING BTREE,
  INDEX `ACT_IDX_HI_IDENT_LNK_USER`(`USER_ID_`) USING BTREE,
  INDEX `ACT_IDX_HI_IDENT_LNK_TASK`(`TASK_ID_`) USING BTREE,
  INDEX `ACT_IDX_HI_IDENT_LNK_PROCINST`(`PROC_INST_ID_`) USING BTREE
) ENGINE = InnoDB CHARACTER SET = utf8 COLLATE = utf8_bin ROW_FORMAT = Dynamic;

-- ----------------------------
-- Records of act_hi_identitylink
-- ----------------------------
INSERT INTO `act_hi_identitylink` VALUES ('10b82a8f-bbbd-11eb-8598-80fa5b4e5054', NULL, 'participant', '123', NULL, '10b28536-bbbd-11eb-8598-80fa5b4e5054');
INSERT INTO `act_hi_identitylink` VALUES ('10b9d840-bbbd-11eb-8598-80fa5b4e5054', 'activitiTeam', 'candidate', NULL, '10b7dc6e-bbbd-11eb-8598-80fa5b4e5054', NULL);
INSERT INTO `act_hi_identitylink` VALUES ('14451b27-bbb5-11eb-ae83-80fa5b4e5054', NULL, 'participant', 'jack', NULL, '1437868e-bbb5-11eb-ae83-80fa5b4e5054');
INSERT INTO `act_hi_identitylink` VALUES ('14476518-bbb5-11eb-ae83-80fa5b4e5054', 'activitiTeam', 'candidate', NULL, '14447ee6-bbb5-11eb-ae83-80fa5b4e5054', NULL);
INSERT INTO `act_hi_identitylink` VALUES ('36e0d125-bbb5-11eb-ae83-80fa5b4e5054', NULL, 'participant', 'jack', NULL, '36e0aa0c-bbb5-11eb-ae83-80fa5b4e5054');
INSERT INTO `act_hi_identitylink` VALUES ('36e257c6-bbb5-11eb-ae83-80fa5b4e5054', 'activitiTeam', 'candidate', NULL, '36e0d124-bbb5-11eb-ae83-80fa5b4e5054', NULL);
INSERT INTO `act_hi_identitylink` VALUES ('bc4ed5d7-bbc0-11eb-ae0f-80fa5b4e5054', NULL, 'participant', '128f0cef30bb5de95bfbd58dc2ca3114', NULL, '10b28536-bbbd-11eb-8598-80fa5b4e5054');
INSERT INTO `act_hi_identitylink` VALUES ('bc50f8b8-bbc0-11eb-ae0f-80fa5b4e5054', 'activitiTeam', 'candidate', NULL, 'bc497ea6-bbc0-11eb-ae0f-80fa5b4e5054', NULL);

-- ----------------------------
-- Table structure for act_hi_procinst
-- ----------------------------
DROP TABLE IF EXISTS `act_hi_procinst`;
CREATE TABLE `act_hi_procinst`  (
  `ID_` varchar(64) CHARACTER SET utf8 COLLATE utf8_bin NOT NULL,
  `PROC_INST_ID_` varchar(64) CHARACTER SET utf8 COLLATE utf8_bin NOT NULL,
  `BUSINESS_KEY_` varchar(255) CHARACTER SET utf8 COLLATE utf8_bin NULL DEFAULT NULL,
  `PROC_DEF_ID_` varchar(64) CHARACTER SET utf8 COLLATE utf8_bin NOT NULL,
  `START_TIME_` datetime(3) NOT NULL,
  `END_TIME_` datetime(3) NULL DEFAULT NULL,
  `DURATION_` bigint(0) NULL DEFAULT NULL,
  `START_USER_ID_` varchar(255) CHARACTER SET utf8 COLLATE utf8_bin NULL DEFAULT NULL,
  `START_ACT_ID_` varchar(255) CHARACTER SET utf8 COLLATE utf8_bin NULL DEFAULT NULL,
  `END_ACT_ID_` varchar(255) CHARACTER SET utf8 COLLATE utf8_bin NULL DEFAULT NULL,
  `SUPER_PROCESS_INSTANCE_ID_` varchar(64) CHARACTER SET utf8 COLLATE utf8_bin NULL DEFAULT NULL,
  `DELETE_REASON_` varchar(4000) CHARACTER SET utf8 COLLATE utf8_bin NULL DEFAULT NULL,
  `TENANT_ID_` varchar(255) CHARACTER SET utf8 COLLATE utf8_bin NULL DEFAULT '',
  `NAME_` varchar(255) CHARACTER SET utf8 COLLATE utf8_bin NULL DEFAULT NULL,
  PRIMARY KEY (`ID_`) USING BTREE,
  UNIQUE INDEX `PROC_INST_ID_`(`PROC_INST_ID_`) USING BTREE,
  INDEX `ACT_IDX_HI_PRO_INST_END`(`END_TIME_`) USING BTREE,
  INDEX `ACT_IDX_HI_PRO_I_BUSKEY`(`BUSINESS_KEY_`) USING BTREE
) ENGINE = InnoDB CHARACTER SET = utf8 COLLATE = utf8_bin ROW_FORMAT = Dynamic;

-- ----------------------------
-- Records of act_hi_procinst
-- ----------------------------
INSERT INTO `act_hi_procinst` VALUES ('10b28536-bbbd-11eb-8598-80fa5b4e5054', '10b28536-bbbd-11eb-8598-80fa5b4e5054', '8886', 'holiday:4:33bf1ebb-bbb5-11eb-ae83-80fa5b4e5054', '2021-05-23 19:50:26.828', NULL, NULL, NULL, 'start', NULL, NULL, NULL, '', NULL);
INSERT INTO `act_hi_procinst` VALUES ('1437868e-bbb5-11eb-ae83-80fa5b4e5054', '1437868e-bbb5-11eb-ae83-80fa5b4e5054', '8886', 'holiday:3:096571ed-bbb5-11eb-ae83-80fa5b4e5054', '2021-05-23 18:53:16.759', NULL, NULL, NULL, 'start', NULL, NULL, NULL, '', NULL);
INSERT INTO `act_hi_procinst` VALUES ('36e0aa0c-bbb5-11eb-ae83-80fa5b4e5054', '36e0aa0c-bbb5-11eb-ae83-80fa5b4e5054', '8886', 'holiday:4:33bf1ebb-bbb5-11eb-ae83-80fa5b4e5054', '2021-05-23 18:54:14.910', NULL, NULL, NULL, 'start', NULL, NULL, NULL, '', NULL);

-- ----------------------------
-- Table structure for act_hi_taskinst
-- ----------------------------
DROP TABLE IF EXISTS `act_hi_taskinst`;
CREATE TABLE `act_hi_taskinst`  (
  `ID_` varchar(64) CHARACTER SET utf8 COLLATE utf8_bin NOT NULL,
  `PROC_DEF_ID_` varchar(64) CHARACTER SET utf8 COLLATE utf8_bin NULL DEFAULT NULL,
  `TASK_DEF_KEY_` varchar(255) CHARACTER SET utf8 COLLATE utf8_bin NULL DEFAULT NULL,
  `PROC_INST_ID_` varchar(64) CHARACTER SET utf8 COLLATE utf8_bin NULL DEFAULT NULL,
  `EXECUTION_ID_` varchar(64) CHARACTER SET utf8 COLLATE utf8_bin NULL DEFAULT NULL,
  `NAME_` varchar(255) CHARACTER SET utf8 COLLATE utf8_bin NULL DEFAULT NULL,
  `PARENT_TASK_ID_` varchar(64) CHARACTER SET utf8 COLLATE utf8_bin NULL DEFAULT NULL,
  `DESCRIPTION_` varchar(4000) CHARACTER SET utf8 COLLATE utf8_bin NULL DEFAULT NULL,
  `OWNER_` varchar(255) CHARACTER SET utf8 COLLATE utf8_bin NULL DEFAULT NULL,
  `ASSIGNEE_` varchar(255) CHARACTER SET utf8 COLLATE utf8_bin NULL DEFAULT NULL,
  `START_TIME_` datetime(3) NOT NULL,
  `CLAIM_TIME_` datetime(3) NULL DEFAULT NULL,
  `END_TIME_` datetime(3) NULL DEFAULT NULL,
  `DURATION_` bigint(0) NULL DEFAULT NULL,
  `DELETE_REASON_` varchar(4000) CHARACTER SET utf8 COLLATE utf8_bin NULL DEFAULT NULL,
  `PRIORITY_` int(0) NULL DEFAULT NULL,
  `DUE_DATE_` datetime(3) NULL DEFAULT NULL,
  `FORM_KEY_` varchar(255) CHARACTER SET utf8 COLLATE utf8_bin NULL DEFAULT NULL,
  `CATEGORY_` varchar(255) CHARACTER SET utf8 COLLATE utf8_bin NULL DEFAULT NULL,
  `TENANT_ID_` varchar(255) CHARACTER SET utf8 COLLATE utf8_bin NULL DEFAULT '',
  PRIMARY KEY (`ID_`) USING BTREE,
  INDEX `ACT_IDX_HI_TASK_INST_PROCINST`(`PROC_INST_ID_`) USING BTREE
) ENGINE = InnoDB CHARACTER SET = utf8 COLLATE = utf8_bin ROW_FORMAT = Dynamic;

-- ----------------------------
-- Records of act_hi_taskinst
-- ----------------------------
INSERT INTO `act_hi_taskinst` VALUES ('10b7dc6e-bbbd-11eb-8598-80fa5b4e5054', 'holiday:4:33bf1ebb-bbb5-11eb-ae83-80fa5b4e5054', 'sc', '10b28536-bbbd-11eb-8598-80fa5b4e5054', '10b459fb-bbbd-11eb-8598-80fa5b4e5054', '审查1', NULL, NULL, NULL, '123', '2021-05-23 19:50:26.863', NULL, '2021-05-23 20:16:43.158', 1576295, NULL, 50, NULL, NULL, NULL, '');
INSERT INTO `act_hi_taskinst` VALUES ('14447ee6-bbb5-11eb-ae83-80fa5b4e5054', 'holiday:3:096571ed-bbb5-11eb-ae83-80fa5b4e5054', 'sc', '1437868e-bbb5-11eb-ae83-80fa5b4e5054', '143849e3-bbb5-11eb-ae83-80fa5b4e5054', '审查', NULL, NULL, NULL, 'jack', '2021-05-23 18:53:16.845', NULL, NULL, NULL, NULL, 50, NULL, NULL, NULL, '');
INSERT INTO `act_hi_taskinst` VALUES ('36e0d124-bbb5-11eb-ae83-80fa5b4e5054', 'holiday:4:33bf1ebb-bbb5-11eb-ae83-80fa5b4e5054', 'sc', '36e0aa0c-bbb5-11eb-ae83-80fa5b4e5054', '36e0aa11-bbb5-11eb-ae83-80fa5b4e5054', '审查1', NULL, NULL, NULL, 'jack', '2021-05-23 18:54:14.911', NULL, NULL, NULL, NULL, 50, NULL, NULL, NULL, '');
INSERT INTO `act_hi_taskinst` VALUES ('bc497ea6-bbc0-11eb-ae0f-80fa5b4e5054', 'holiday:4:33bf1ebb-bbb5-11eb-ae83-80fa5b4e5054', 'sh', '10b28536-bbbd-11eb-8598-80fa5b4e5054', '10b459fb-bbbd-11eb-8598-80fa5b4e5054', '审核', NULL, NULL, NULL, '128f0cef30bb5de95bfbd58dc2ca3114', '2021-05-23 20:16:43.198', NULL, NULL, NULL, NULL, 50, NULL, NULL, NULL, '');

-- ----------------------------
-- Table structure for act_hi_varinst
-- ----------------------------
DROP TABLE IF EXISTS `act_hi_varinst`;
CREATE TABLE `act_hi_varinst`  (
  `ID_` varchar(64) CHARACTER SET utf8 COLLATE utf8_bin NOT NULL,
  `PROC_INST_ID_` varchar(64) CHARACTER SET utf8 COLLATE utf8_bin NULL DEFAULT NULL,
  `EXECUTION_ID_` varchar(64) CHARACTER SET utf8 COLLATE utf8_bin NULL DEFAULT NULL,
  `TASK_ID_` varchar(64) CHARACTER SET utf8 COLLATE utf8_bin NULL DEFAULT NULL,
  `NAME_` varchar(255) CHARACTER SET utf8 COLLATE utf8_bin NOT NULL,
  `VAR_TYPE_` varchar(100) CHARACTER SET utf8 COLLATE utf8_bin NULL DEFAULT NULL,
  `REV_` int(0) NULL DEFAULT NULL,
  `BYTEARRAY_ID_` varchar(64) CHARACTER SET utf8 COLLATE utf8_bin NULL DEFAULT NULL,
  `DOUBLE_` double NULL DEFAULT NULL,
  `LONG_` bigint(0) NULL DEFAULT NULL,
  `TEXT_` varchar(4000) CHARACTER SET utf8 COLLATE utf8_bin NULL DEFAULT NULL,
  `TEXT2_` varchar(4000) CHARACTER SET utf8 COLLATE utf8_bin NULL DEFAULT NULL,
  `CREATE_TIME_` datetime(3) NULL DEFAULT NULL,
  `LAST_UPDATED_TIME_` datetime(3) NULL DEFAULT NULL,
  PRIMARY KEY (`ID_`) USING BTREE,
  INDEX `ACT_IDX_HI_PROCVAR_PROC_INST`(`PROC_INST_ID_`) USING BTREE,
  INDEX `ACT_IDX_HI_PROCVAR_NAME_TYPE`(`NAME_`, `VAR_TYPE_`) USING BTREE,
  INDEX `ACT_IDX_HI_PROCVAR_TASK_ID`(`TASK_ID_`) USING BTREE
) ENGINE = InnoDB CHARACTER SET = utf8 COLLATE = utf8_bin ROW_FORMAT = Dynamic;

-- ----------------------------
-- Records of act_hi_varinst
-- ----------------------------
INSERT INTO `act_hi_varinst` VALUES ('10b32177-bbbd-11eb-8598-80fa5b4e5054', '10b28536-bbbd-11eb-8598-80fa5b4e5054', '10b28536-bbbd-11eb-8598-80fa5b4e5054', NULL, 'scUser', 'string', 0, NULL, NULL, NULL, '123', NULL, '2021-05-23 19:50:26.832', '2021-05-23 19:50:26.832');
INSERT INTO `act_hi_varinst` VALUES ('10b40bd9-bbbd-11eb-8598-80fa5b4e5054', '10b28536-bbbd-11eb-8598-80fa5b4e5054', '10b28536-bbbd-11eb-8598-80fa5b4e5054', NULL, 'org', 'string', 0, NULL, NULL, NULL, 'activitiTeam', NULL, '2021-05-23 19:50:26.838', '2021-05-23 19:50:26.838');
INSERT INTO `act_hi_varinst` VALUES ('1437d4af-bbb5-11eb-ae83-80fa5b4e5054', '1437868e-bbb5-11eb-ae83-80fa5b4e5054', '1437868e-bbb5-11eb-ae83-80fa5b4e5054', NULL, 'scUser', 'string', 0, NULL, NULL, NULL, 'jack', NULL, '2021-05-23 18:53:16.761', '2021-05-23 18:53:16.761');
INSERT INTO `act_hi_varinst` VALUES ('143822d1-bbb5-11eb-ae83-80fa5b4e5054', '1437868e-bbb5-11eb-ae83-80fa5b4e5054', '1437868e-bbb5-11eb-ae83-80fa5b4e5054', NULL, 'org', 'string', 0, NULL, NULL, NULL, 'activitiTeam', NULL, '2021-05-23 18:53:16.763', '2021-05-23 18:53:16.763');
INSERT INTO `act_hi_varinst` VALUES ('36e0aa0d-bbb5-11eb-ae83-80fa5b4e5054', '36e0aa0c-bbb5-11eb-ae83-80fa5b4e5054', '36e0aa0c-bbb5-11eb-ae83-80fa5b4e5054', NULL, 'scUser', 'string', 0, NULL, NULL, NULL, 'jack', NULL, '2021-05-23 18:54:14.910', '2021-05-23 18:54:14.910');
INSERT INTO `act_hi_varinst` VALUES ('36e0aa0f-bbb5-11eb-ae83-80fa5b4e5054', '36e0aa0c-bbb5-11eb-ae83-80fa5b4e5054', '36e0aa0c-bbb5-11eb-ae83-80fa5b4e5054', NULL, 'org', 'string', 0, NULL, NULL, NULL, 'activitiTeam', NULL, '2021-05-23 18:54:14.910', '2021-05-23 18:54:14.910');
INSERT INTO `act_hi_varinst` VALUES ('bc353353-bbc0-11eb-ae0f-80fa5b4e5054', '10b28536-bbbd-11eb-8598-80fa5b4e5054', '10b28536-bbbd-11eb-8598-80fa5b4e5054', NULL, 'shUser', 'string', 0, NULL, NULL, NULL, '128f0cef30bb5de95bfbd58dc2ca3114', NULL, '2021-05-23 20:16:43.067', '2021-05-23 20:16:43.067');

-- ----------------------------
-- Table structure for act_procdef_info
-- ----------------------------
DROP TABLE IF EXISTS `act_procdef_info`;
CREATE TABLE `act_procdef_info`  (
  `ID_` varchar(64) CHARACTER SET utf8 COLLATE utf8_bin NOT NULL,
  `PROC_DEF_ID_` varchar(64) CHARACTER SET utf8 COLLATE utf8_bin NOT NULL,
  `REV_` int(0) NULL DEFAULT NULL,
  `INFO_JSON_ID_` varchar(64) CHARACTER SET utf8 COLLATE utf8_bin NULL DEFAULT NULL,
  PRIMARY KEY (`ID_`) USING BTREE,
  UNIQUE INDEX `ACT_UNIQ_INFO_PROCDEF`(`PROC_DEF_ID_`) USING BTREE,
  INDEX `ACT_IDX_INFO_PROCDEF`(`PROC_DEF_ID_`) USING BTREE,
  INDEX `ACT_FK_INFO_JSON_BA`(`INFO_JSON_ID_`) USING BTREE,
  CONSTRAINT `ACT_FK_INFO_JSON_BA` FOREIGN KEY (`INFO_JSON_ID_`) REFERENCES `act_ge_bytearray` (`ID_`) ON DELETE RESTRICT ON UPDATE RESTRICT,
  CONSTRAINT `ACT_FK_INFO_PROCDEF` FOREIGN KEY (`PROC_DEF_ID_`) REFERENCES `act_re_procdef` (`ID_`) ON DELETE RESTRICT ON UPDATE RESTRICT
) ENGINE = InnoDB CHARACTER SET = utf8 COLLATE = utf8_bin ROW_FORMAT = Dynamic;

-- ----------------------------
-- Table structure for act_re_deployment
-- ----------------------------
DROP TABLE IF EXISTS `act_re_deployment`;
CREATE TABLE `act_re_deployment`  (
  `ID_` varchar(64) CHARACTER SET utf8 COLLATE utf8_bin NOT NULL,
  `NAME_` varchar(255) CHARACTER SET utf8 COLLATE utf8_bin NULL DEFAULT NULL,
  `CATEGORY_` varchar(255) CHARACTER SET utf8 COLLATE utf8_bin NULL DEFAULT NULL,
  `KEY_` varchar(255) CHARACTER SET utf8 COLLATE utf8_bin NULL DEFAULT NULL,
  `TENANT_ID_` varchar(255) CHARACTER SET utf8 COLLATE utf8_bin NULL DEFAULT '',
  `DEPLOY_TIME_` timestamp(3) NULL DEFAULT NULL,
  `ENGINE_VERSION_` varchar(255) CHARACTER SET utf8 COLLATE utf8_bin NULL DEFAULT NULL,
  PRIMARY KEY (`ID_`) USING BTREE
) ENGINE = InnoDB CHARACTER SET = utf8 COLLATE = utf8_bin ROW_FORMAT = Dynamic;

-- ----------------------------
-- Records of act_re_deployment
-- ----------------------------
INSERT INTO `act_re_deployment` VALUES ('0947147b-bbb5-11eb-ae83-80fa5b4e5054', '请假', '一般流程', 'holiday', '', '2021-05-23 18:52:58.406', NULL);
INSERT INTO `act_re_deployment` VALUES ('33b3ad09-bbb5-11eb-ae83-80fa5b4e5054', '请假', '一般流程', 'holiday', '', '2021-05-23 18:54:09.582', NULL);
INSERT INTO `act_re_deployment` VALUES ('87b2eec5-bbb4-11eb-be1e-80fa5b4e5054', '请假', '一般流程', 'holiday', '', '2021-05-23 18:49:21.009', NULL);
INSERT INTO `act_re_deployment` VALUES ('9ccc6438-bbb4-11eb-be1e-80fa5b4e5054', '请假', '一般流程', 'holiday', '', '2021-05-23 18:49:56.408', NULL);

-- ----------------------------
-- Table structure for act_re_model
-- ----------------------------
DROP TABLE IF EXISTS `act_re_model`;
CREATE TABLE `act_re_model`  (
  `ID_` varchar(64) CHARACTER SET utf8 COLLATE utf8_bin NOT NULL,
  `REV_` int(0) NULL DEFAULT NULL,
  `NAME_` varchar(255) CHARACTER SET utf8 COLLATE utf8_bin NULL DEFAULT NULL,
  `KEY_` varchar(255) CHARACTER SET utf8 COLLATE utf8_bin NULL DEFAULT NULL,
  `CATEGORY_` varchar(255) CHARACTER SET utf8 COLLATE utf8_bin NULL DEFAULT NULL,
  `CREATE_TIME_` timestamp(3) NULL DEFAULT NULL,
  `LAST_UPDATE_TIME_` timestamp(3) NULL DEFAULT NULL,
  `VERSION_` int(0) NULL DEFAULT NULL,
  `META_INFO_` varchar(4000) CHARACTER SET utf8 COLLATE utf8_bin NULL DEFAULT NULL,
  `DEPLOYMENT_ID_` varchar(64) CHARACTER SET utf8 COLLATE utf8_bin NULL DEFAULT NULL,
  `EDITOR_SOURCE_VALUE_ID_` varchar(64) CHARACTER SET utf8 COLLATE utf8_bin NULL DEFAULT NULL,
  `EDITOR_SOURCE_EXTRA_VALUE_ID_` varchar(64) CHARACTER SET utf8 COLLATE utf8_bin NULL DEFAULT NULL,
  `TENANT_ID_` varchar(255) CHARACTER SET utf8 COLLATE utf8_bin NULL DEFAULT '',
  PRIMARY KEY (`ID_`) USING BTREE,
  INDEX `ACT_FK_MODEL_SOURCE`(`EDITOR_SOURCE_VALUE_ID_`) USING BTREE,
  INDEX `ACT_FK_MODEL_SOURCE_EXTRA`(`EDITOR_SOURCE_EXTRA_VALUE_ID_`) USING BTREE,
  INDEX `ACT_FK_MODEL_DEPLOYMENT`(`DEPLOYMENT_ID_`) USING BTREE,
  CONSTRAINT `ACT_FK_MODEL_DEPLOYMENT` FOREIGN KEY (`DEPLOYMENT_ID_`) REFERENCES `act_re_deployment` (`ID_`) ON DELETE RESTRICT ON UPDATE RESTRICT,
  CONSTRAINT `ACT_FK_MODEL_SOURCE` FOREIGN KEY (`EDITOR_SOURCE_VALUE_ID_`) REFERENCES `act_ge_bytearray` (`ID_`) ON DELETE RESTRICT ON UPDATE RESTRICT,
  CONSTRAINT `ACT_FK_MODEL_SOURCE_EXTRA` FOREIGN KEY (`EDITOR_SOURCE_EXTRA_VALUE_ID_`) REFERENCES `act_ge_bytearray` (`ID_`) ON DELETE RESTRICT ON UPDATE RESTRICT
) ENGINE = InnoDB CHARACTER SET = utf8 COLLATE = utf8_bin ROW_FORMAT = Dynamic;

-- ----------------------------
-- Table structure for act_re_procdef
-- ----------------------------
DROP TABLE IF EXISTS `act_re_procdef`;
CREATE TABLE `act_re_procdef`  (
  `ID_` varchar(64) CHARACTER SET utf8 COLLATE utf8_bin NOT NULL,
  `REV_` int(0) NULL DEFAULT NULL,
  `CATEGORY_` varchar(255) CHARACTER SET utf8 COLLATE utf8_bin NULL DEFAULT NULL,
  `NAME_` varchar(255) CHARACTER SET utf8 COLLATE utf8_bin NULL DEFAULT NULL,
  `KEY_` varchar(255) CHARACTER SET utf8 COLLATE utf8_bin NOT NULL,
  `VERSION_` int(0) NOT NULL,
  `DEPLOYMENT_ID_` varchar(64) CHARACTER SET utf8 COLLATE utf8_bin NULL DEFAULT NULL,
  `RESOURCE_NAME_` varchar(4000) CHARACTER SET utf8 COLLATE utf8_bin NULL DEFAULT NULL,
  `DGRM_RESOURCE_NAME_` varchar(4000) CHARACTER SET utf8 COLLATE utf8_bin NULL DEFAULT NULL,
  `DESCRIPTION_` varchar(4000) CHARACTER SET utf8 COLLATE utf8_bin NULL DEFAULT NULL,
  `HAS_START_FORM_KEY_` tinyint(0) NULL DEFAULT NULL,
  `HAS_GRAPHICAL_NOTATION_` tinyint(0) NULL DEFAULT NULL,
  `SUSPENSION_STATE_` int(0) NULL DEFAULT NULL,
  `TENANT_ID_` varchar(255) CHARACTER SET utf8 COLLATE utf8_bin NULL DEFAULT '',
  `ENGINE_VERSION_` varchar(255) CHARACTER SET utf8 COLLATE utf8_bin NULL DEFAULT NULL,
  PRIMARY KEY (`ID_`) USING BTREE,
  UNIQUE INDEX `ACT_UNIQ_PROCDEF`(`KEY_`, `VERSION_`, `TENANT_ID_`) USING BTREE
) ENGINE = InnoDB CHARACTER SET = utf8 COLLATE = utf8_bin ROW_FORMAT = Dynamic;

-- ----------------------------
-- Records of act_re_procdef
-- ----------------------------
INSERT INTO `act_re_procdef` VALUES ('holiday:1:87d25da7-bbb4-11eb-be1e-80fa5b4e5054', 1, 'http://www.activiti.org/test', '请假', 'holiday', 1, '87b2eec5-bbb4-11eb-be1e-80fa5b4e5054', 'bpmn', NULL, NULL, 0, 1, 1, '', NULL);
INSERT INTO `act_re_procdef` VALUES ('holiday:2:9cd3420a-bbb4-11eb-be1e-80fa5b4e5054', 1, 'http://www.activiti.org/test', '请假', 'holiday', 2, '9ccc6438-bbb4-11eb-be1e-80fa5b4e5054', 'bpmn', NULL, NULL, 0, 1, 1, '', NULL);
INSERT INTO `act_re_procdef` VALUES ('holiday:3:096571ed-bbb5-11eb-ae83-80fa5b4e5054', 1, 'http://www.activiti.org/test', '请假', 'holiday', 3, '0947147b-bbb5-11eb-ae83-80fa5b4e5054', 'bpmn', NULL, NULL, 0, 1, 1, '', NULL);
INSERT INTO `act_re_procdef` VALUES ('holiday:4:33bf1ebb-bbb5-11eb-ae83-80fa5b4e5054', 1, 'http://www.activiti.org/test', '请假', 'holiday', 4, '33b3ad09-bbb5-11eb-ae83-80fa5b4e5054', 'bpmn', NULL, NULL, 0, 1, 1, '', NULL);

-- ----------------------------
-- Table structure for act_ru_deadletter_job
-- ----------------------------
DROP TABLE IF EXISTS `act_ru_deadletter_job`;
CREATE TABLE `act_ru_deadletter_job`  (
  `ID_` varchar(64) CHARACTER SET utf8 COLLATE utf8_bin NOT NULL,
  `REV_` int(0) NULL DEFAULT NULL,
  `TYPE_` varchar(255) CHARACTER SET utf8 COLLATE utf8_bin NOT NULL,
  `EXCLUSIVE_` tinyint(1) NULL DEFAULT NULL,
  `EXECUTION_ID_` varchar(64) CHARACTER SET utf8 COLLATE utf8_bin NULL DEFAULT NULL,
  `PROCESS_INSTANCE_ID_` varchar(64) CHARACTER SET utf8 COLLATE utf8_bin NULL DEFAULT NULL,
  `PROC_DEF_ID_` varchar(64) CHARACTER SET utf8 COLLATE utf8_bin NULL DEFAULT NULL,
  `EXCEPTION_STACK_ID_` varchar(64) CHARACTER SET utf8 COLLATE utf8_bin NULL DEFAULT NULL,
  `EXCEPTION_MSG_` varchar(4000) CHARACTER SET utf8 COLLATE utf8_bin NULL DEFAULT NULL,
  `DUEDATE_` timestamp(3) NULL DEFAULT NULL,
  `REPEAT_` varchar(255) CHARACTER SET utf8 COLLATE utf8_bin NULL DEFAULT NULL,
  `HANDLER_TYPE_` varchar(255) CHARACTER SET utf8 COLLATE utf8_bin NULL DEFAULT NULL,
  `HANDLER_CFG_` varchar(4000) CHARACTER SET utf8 COLLATE utf8_bin NULL DEFAULT NULL,
  `TENANT_ID_` varchar(255) CHARACTER SET utf8 COLLATE utf8_bin NULL DEFAULT '',
  PRIMARY KEY (`ID_`) USING BTREE,
  INDEX `ACT_FK_DEADLETTER_JOB_EXECUTION`(`EXECUTION_ID_`) USING BTREE,
  INDEX `ACT_FK_DEADLETTER_JOB_PROCESS_INSTANCE`(`PROCESS_INSTANCE_ID_`) USING BTREE,
  INDEX `ACT_FK_DEADLETTER_JOB_PROC_DEF`(`PROC_DEF_ID_`) USING BTREE,
  INDEX `ACT_FK_DEADLETTER_JOB_EXCEPTION`(`EXCEPTION_STACK_ID_`) USING BTREE,
  CONSTRAINT `ACT_FK_DEADLETTER_JOB_EXCEPTION` FOREIGN KEY (`EXCEPTION_STACK_ID_`) REFERENCES `act_ge_bytearray` (`ID_`) ON DELETE RESTRICT ON UPDATE RESTRICT,
  CONSTRAINT `ACT_FK_DEADLETTER_JOB_EXECUTION` FOREIGN KEY (`EXECUTION_ID_`) REFERENCES `act_ru_execution` (`ID_`) ON DELETE RESTRICT ON UPDATE RESTRICT,
  CONSTRAINT `ACT_FK_DEADLETTER_JOB_PROC_DEF` FOREIGN KEY (`PROC_DEF_ID_`) REFERENCES `act_re_procdef` (`ID_`) ON DELETE RESTRICT ON UPDATE RESTRICT,
  CONSTRAINT `ACT_FK_DEADLETTER_JOB_PROCESS_INSTANCE` FOREIGN KEY (`PROCESS_INSTANCE_ID_`) REFERENCES `act_ru_execution` (`ID_`) ON DELETE RESTRICT ON UPDATE RESTRICT
) ENGINE = InnoDB CHARACTER SET = utf8 COLLATE = utf8_bin ROW_FORMAT = Dynamic;

-- ----------------------------
-- Table structure for act_ru_event_subscr
-- ----------------------------
DROP TABLE IF EXISTS `act_ru_event_subscr`;
CREATE TABLE `act_ru_event_subscr`  (
  `ID_` varchar(64) CHARACTER SET utf8 COLLATE utf8_bin NOT NULL,
  `REV_` int(0) NULL DEFAULT NULL,
  `EVENT_TYPE_` varchar(255) CHARACTER SET utf8 COLLATE utf8_bin NOT NULL,
  `EVENT_NAME_` varchar(255) CHARACTER SET utf8 COLLATE utf8_bin NULL DEFAULT NULL,
  `EXECUTION_ID_` varchar(64) CHARACTER SET utf8 COLLATE utf8_bin NULL DEFAULT NULL,
  `PROC_INST_ID_` varchar(64) CHARACTER SET utf8 COLLATE utf8_bin NULL DEFAULT NULL,
  `ACTIVITY_ID_` varchar(64) CHARACTER SET utf8 COLLATE utf8_bin NULL DEFAULT NULL,
  `CONFIGURATION_` varchar(255) CHARACTER SET utf8 COLLATE utf8_bin NULL DEFAULT NULL,
  `CREATED_` timestamp(3) NOT NULL DEFAULT CURRENT_TIMESTAMP(3),
  `PROC_DEF_ID_` varchar(64) CHARACTER SET utf8 COLLATE utf8_bin NULL DEFAULT NULL,
  `TENANT_ID_` varchar(255) CHARACTER SET utf8 COLLATE utf8_bin NULL DEFAULT '',
  PRIMARY KEY (`ID_`) USING BTREE,
  INDEX `ACT_IDX_EVENT_SUBSCR_CONFIG_`(`CONFIGURATION_`) USING BTREE,
  INDEX `ACT_FK_EVENT_EXEC`(`EXECUTION_ID_`) USING BTREE,
  CONSTRAINT `ACT_FK_EVENT_EXEC` FOREIGN KEY (`EXECUTION_ID_`) REFERENCES `act_ru_execution` (`ID_`) ON DELETE RESTRICT ON UPDATE RESTRICT
) ENGINE = InnoDB CHARACTER SET = utf8 COLLATE = utf8_bin ROW_FORMAT = Dynamic;

-- ----------------------------
-- Table structure for act_ru_execution
-- ----------------------------
DROP TABLE IF EXISTS `act_ru_execution`;
CREATE TABLE `act_ru_execution`  (
  `ID_` varchar(64) CHARACTER SET utf8 COLLATE utf8_bin NOT NULL,
  `REV_` int(0) NULL DEFAULT NULL,
  `PROC_INST_ID_` varchar(64) CHARACTER SET utf8 COLLATE utf8_bin NULL DEFAULT NULL,
  `BUSINESS_KEY_` varchar(255) CHARACTER SET utf8 COLLATE utf8_bin NULL DEFAULT NULL,
  `PARENT_ID_` varchar(64) CHARACTER SET utf8 COLLATE utf8_bin NULL DEFAULT NULL,
  `PROC_DEF_ID_` varchar(64) CHARACTER SET utf8 COLLATE utf8_bin NULL DEFAULT NULL,
  `SUPER_EXEC_` varchar(64) CHARACTER SET utf8 COLLATE utf8_bin NULL DEFAULT NULL,
  `ROOT_PROC_INST_ID_` varchar(64) CHARACTER SET utf8 COLLATE utf8_bin NULL DEFAULT NULL,
  `ACT_ID_` varchar(255) CHARACTER SET utf8 COLLATE utf8_bin NULL DEFAULT NULL,
  `IS_ACTIVE_` tinyint(0) NULL DEFAULT NULL,
  `IS_CONCURRENT_` tinyint(0) NULL DEFAULT NULL,
  `IS_SCOPE_` tinyint(0) NULL DEFAULT NULL,
  `IS_EVENT_SCOPE_` tinyint(0) NULL DEFAULT NULL,
  `IS_MI_ROOT_` tinyint(0) NULL DEFAULT NULL,
  `SUSPENSION_STATE_` int(0) NULL DEFAULT NULL,
  `CACHED_ENT_STATE_` int(0) NULL DEFAULT NULL,
  `TENANT_ID_` varchar(255) CHARACTER SET utf8 COLLATE utf8_bin NULL DEFAULT '',
  `NAME_` varchar(255) CHARACTER SET utf8 COLLATE utf8_bin NULL DEFAULT NULL,
  `START_TIME_` datetime(3) NULL DEFAULT NULL,
  `START_USER_ID_` varchar(255) CHARACTER SET utf8 COLLATE utf8_bin NULL DEFAULT NULL,
  `LOCK_TIME_` timestamp(3) NULL DEFAULT NULL,
  `IS_COUNT_ENABLED_` tinyint(0) NULL DEFAULT NULL,
  `EVT_SUBSCR_COUNT_` int(0) NULL DEFAULT NULL,
  `TASK_COUNT_` int(0) NULL DEFAULT NULL,
  `JOB_COUNT_` int(0) NULL DEFAULT NULL,
  `TIMER_JOB_COUNT_` int(0) NULL DEFAULT NULL,
  `SUSP_JOB_COUNT_` int(0) NULL DEFAULT NULL,
  `DEADLETTER_JOB_COUNT_` int(0) NULL DEFAULT NULL,
  `VAR_COUNT_` int(0) NULL DEFAULT NULL,
  `ID_LINK_COUNT_` int(0) NULL DEFAULT NULL,
  PRIMARY KEY (`ID_`) USING BTREE,
  INDEX `ACT_IDX_EXEC_BUSKEY`(`BUSINESS_KEY_`) USING BTREE,
  INDEX `ACT_IDC_EXEC_ROOT`(`ROOT_PROC_INST_ID_`) USING BTREE,
  INDEX `ACT_FK_EXE_PROCINST`(`PROC_INST_ID_`) USING BTREE,
  INDEX `ACT_FK_EXE_PARENT`(`PARENT_ID_`) USING BTREE,
  INDEX `ACT_FK_EXE_SUPER`(`SUPER_EXEC_`) USING BTREE,
  INDEX `ACT_FK_EXE_PROCDEF`(`PROC_DEF_ID_`) USING BTREE,
  CONSTRAINT `ACT_FK_EXE_PARENT` FOREIGN KEY (`PARENT_ID_`) REFERENCES `act_ru_execution` (`ID_`) ON DELETE CASCADE ON UPDATE RESTRICT,
  CONSTRAINT `ACT_FK_EXE_PROCDEF` FOREIGN KEY (`PROC_DEF_ID_`) REFERENCES `act_re_procdef` (`ID_`) ON DELETE RESTRICT ON UPDATE RESTRICT,
  CONSTRAINT `ACT_FK_EXE_PROCINST` FOREIGN KEY (`PROC_INST_ID_`) REFERENCES `act_ru_execution` (`ID_`) ON DELETE CASCADE ON UPDATE CASCADE,
  CONSTRAINT `ACT_FK_EXE_SUPER` FOREIGN KEY (`SUPER_EXEC_`) REFERENCES `act_ru_execution` (`ID_`) ON DELETE CASCADE ON UPDATE RESTRICT
) ENGINE = InnoDB CHARACTER SET = utf8 COLLATE = utf8_bin ROW_FORMAT = Dynamic;

-- ----------------------------
-- Records of act_ru_execution
-- ----------------------------
INSERT INTO `act_ru_execution` VALUES ('10b28536-bbbd-11eb-8598-80fa5b4e5054', 1, '10b28536-bbbd-11eb-8598-80fa5b4e5054', '8886', NULL, 'holiday:4:33bf1ebb-bbb5-11eb-ae83-80fa5b4e5054', NULL, '10b28536-bbbd-11eb-8598-80fa5b4e5054', NULL, 1, 0, 1, 0, 0, 1, NULL, '', NULL, '2021-05-23 19:50:26.828', NULL, NULL, 0, 0, 0, 0, 0, 0, 0, 0, 0);
INSERT INTO `act_ru_execution` VALUES ('10b459fb-bbbd-11eb-8598-80fa5b4e5054', 2, '10b28536-bbbd-11eb-8598-80fa5b4e5054', NULL, '10b28536-bbbd-11eb-8598-80fa5b4e5054', 'holiday:4:33bf1ebb-bbb5-11eb-ae83-80fa5b4e5054', NULL, '10b28536-bbbd-11eb-8598-80fa5b4e5054', 'sh', 1, 0, 0, 0, 0, 1, NULL, '', NULL, '2021-05-23 19:50:26.839', NULL, NULL, 0, 0, 0, 0, 0, 0, 0, 0, 0);
INSERT INTO `act_ru_execution` VALUES ('1437868e-bbb5-11eb-ae83-80fa5b4e5054', 1, '1437868e-bbb5-11eb-ae83-80fa5b4e5054', '8886', NULL, 'holiday:3:096571ed-bbb5-11eb-ae83-80fa5b4e5054', NULL, '1437868e-bbb5-11eb-ae83-80fa5b4e5054', NULL, 1, 0, 1, 0, 0, 1, NULL, '', NULL, '2021-05-23 18:53:16.759', NULL, NULL, 0, 0, 0, 0, 0, 0, 0, 0, 0);
INSERT INTO `act_ru_execution` VALUES ('143849e3-bbb5-11eb-ae83-80fa5b4e5054', 1, '1437868e-bbb5-11eb-ae83-80fa5b4e5054', NULL, '1437868e-bbb5-11eb-ae83-80fa5b4e5054', 'holiday:3:096571ed-bbb5-11eb-ae83-80fa5b4e5054', NULL, '1437868e-bbb5-11eb-ae83-80fa5b4e5054', 'sc', 1, 0, 0, 0, 0, 1, NULL, '', NULL, '2021-05-23 18:53:16.764', NULL, NULL, 0, 0, 0, 0, 0, 0, 0, 0, 0);
INSERT INTO `act_ru_execution` VALUES ('36e0aa0c-bbb5-11eb-ae83-80fa5b4e5054', 1, '36e0aa0c-bbb5-11eb-ae83-80fa5b4e5054', '8886', NULL, 'holiday:4:33bf1ebb-bbb5-11eb-ae83-80fa5b4e5054', NULL, '36e0aa0c-bbb5-11eb-ae83-80fa5b4e5054', NULL, 1, 0, 1, 0, 0, 1, NULL, '', NULL, '2021-05-23 18:54:14.910', NULL, NULL, 0, 0, 0, 0, 0, 0, 0, 0, 0);
INSERT INTO `act_ru_execution` VALUES ('36e0aa11-bbb5-11eb-ae83-80fa5b4e5054', 1, '36e0aa0c-bbb5-11eb-ae83-80fa5b4e5054', NULL, '36e0aa0c-bbb5-11eb-ae83-80fa5b4e5054', 'holiday:4:33bf1ebb-bbb5-11eb-ae83-80fa5b4e5054', NULL, '36e0aa0c-bbb5-11eb-ae83-80fa5b4e5054', 'sc', 1, 0, 0, 0, 0, 1, NULL, '', NULL, '2021-05-23 18:54:14.910', NULL, NULL, 0, 0, 0, 0, 0, 0, 0, 0, 0);

-- ----------------------------
-- Table structure for act_ru_identitylink
-- ----------------------------
DROP TABLE IF EXISTS `act_ru_identitylink`;
CREATE TABLE `act_ru_identitylink`  (
  `ID_` varchar(64) CHARACTER SET utf8 COLLATE utf8_bin NOT NULL,
  `REV_` int(0) NULL DEFAULT NULL,
  `GROUP_ID_` varchar(255) CHARACTER SET utf8 COLLATE utf8_bin NULL DEFAULT NULL,
  `TYPE_` varchar(255) CHARACTER SET utf8 COLLATE utf8_bin NULL DEFAULT NULL,
  `USER_ID_` varchar(255) CHARACTER SET utf8 COLLATE utf8_bin NULL DEFAULT NULL,
  `TASK_ID_` varchar(64) CHARACTER SET utf8 COLLATE utf8_bin NULL DEFAULT NULL,
  `PROC_INST_ID_` varchar(64) CHARACTER SET utf8 COLLATE utf8_bin NULL DEFAULT NULL,
  `PROC_DEF_ID_` varchar(64) CHARACTER SET utf8 COLLATE utf8_bin NULL DEFAULT NULL,
  PRIMARY KEY (`ID_`) USING BTREE,
  INDEX `ACT_IDX_IDENT_LNK_USER`(`USER_ID_`) USING BTREE,
  INDEX `ACT_IDX_IDENT_LNK_GROUP`(`GROUP_ID_`) USING BTREE,
  INDEX `ACT_IDX_ATHRZ_PROCEDEF`(`PROC_DEF_ID_`) USING BTREE,
  INDEX `ACT_FK_TSKASS_TASK`(`TASK_ID_`) USING BTREE,
  INDEX `ACT_FK_IDL_PROCINST`(`PROC_INST_ID_`) USING BTREE,
  CONSTRAINT `ACT_FK_ATHRZ_PROCEDEF` FOREIGN KEY (`PROC_DEF_ID_`) REFERENCES `act_re_procdef` (`ID_`) ON DELETE RESTRICT ON UPDATE RESTRICT,
  CONSTRAINT `ACT_FK_IDL_PROCINST` FOREIGN KEY (`PROC_INST_ID_`) REFERENCES `act_ru_execution` (`ID_`) ON DELETE RESTRICT ON UPDATE RESTRICT,
  CONSTRAINT `ACT_FK_TSKASS_TASK` FOREIGN KEY (`TASK_ID_`) REFERENCES `act_ru_task` (`ID_`) ON DELETE RESTRICT ON UPDATE RESTRICT
) ENGINE = InnoDB CHARACTER SET = utf8 COLLATE = utf8_bin ROW_FORMAT = Dynamic;

-- ----------------------------
-- Records of act_ru_identitylink
-- ----------------------------
INSERT INTO `act_ru_identitylink` VALUES ('10b82a8f-bbbd-11eb-8598-80fa5b4e5054', 1, NULL, 'participant', '123', NULL, '10b28536-bbbd-11eb-8598-80fa5b4e5054', NULL);
INSERT INTO `act_ru_identitylink` VALUES ('14451b27-bbb5-11eb-ae83-80fa5b4e5054', 1, NULL, 'participant', 'jack', NULL, '1437868e-bbb5-11eb-ae83-80fa5b4e5054', NULL);
INSERT INTO `act_ru_identitylink` VALUES ('14476518-bbb5-11eb-ae83-80fa5b4e5054', 1, 'activitiTeam', 'candidate', NULL, '14447ee6-bbb5-11eb-ae83-80fa5b4e5054', NULL, NULL);
INSERT INTO `act_ru_identitylink` VALUES ('36e0d125-bbb5-11eb-ae83-80fa5b4e5054', 1, NULL, 'participant', 'jack', NULL, '36e0aa0c-bbb5-11eb-ae83-80fa5b4e5054', NULL);
INSERT INTO `act_ru_identitylink` VALUES ('36e257c6-bbb5-11eb-ae83-80fa5b4e5054', 1, 'activitiTeam', 'candidate', NULL, '36e0d124-bbb5-11eb-ae83-80fa5b4e5054', NULL, NULL);
INSERT INTO `act_ru_identitylink` VALUES ('bc4ed5d7-bbc0-11eb-ae0f-80fa5b4e5054', 1, NULL, 'participant', '128f0cef30bb5de95bfbd58dc2ca3114', NULL, '10b28536-bbbd-11eb-8598-80fa5b4e5054', NULL);
INSERT INTO `act_ru_identitylink` VALUES ('bc50f8b8-bbc0-11eb-ae0f-80fa5b4e5054', 1, 'activitiTeam', 'candidate', NULL, 'bc497ea6-bbc0-11eb-ae0f-80fa5b4e5054', NULL, NULL);

-- ----------------------------
-- Table structure for act_ru_integration
-- ----------------------------
DROP TABLE IF EXISTS `act_ru_integration`;
CREATE TABLE `act_ru_integration`  (
  `ID_` varchar(64) CHARACTER SET utf8 COLLATE utf8_bin NOT NULL,
  `EXECUTION_ID_` varchar(64) CHARACTER SET utf8 COLLATE utf8_bin NULL DEFAULT NULL,
  `PROCESS_INSTANCE_ID_` varchar(64) CHARACTER SET utf8 COLLATE utf8_bin NULL DEFAULT NULL,
  `PROC_DEF_ID_` varchar(64) CHARACTER SET utf8 COLLATE utf8_bin NULL DEFAULT NULL,
  `FLOW_NODE_ID_` varchar(64) CHARACTER SET utf8 COLLATE utf8_bin NULL DEFAULT NULL,
  `CREATED_DATE_` timestamp(3) NULL DEFAULT NULL,
  PRIMARY KEY (`ID_`) USING BTREE,
  INDEX `ACT_FK_INT_EXECUTION`(`EXECUTION_ID_`) USING BTREE,
  INDEX `ACT_FK_INT_PROC_INST`(`PROCESS_INSTANCE_ID_`) USING BTREE,
  INDEX `ACT_FK_INT_PROC_DEF`(`PROC_DEF_ID_`) USING BTREE,
  CONSTRAINT `ACT_FK_INT_EXECUTION` FOREIGN KEY (`EXECUTION_ID_`) REFERENCES `act_ru_execution` (`ID_`) ON DELETE CASCADE ON UPDATE RESTRICT,
  CONSTRAINT `ACT_FK_INT_PROC_DEF` FOREIGN KEY (`PROC_DEF_ID_`) REFERENCES `act_re_procdef` (`ID_`) ON DELETE RESTRICT ON UPDATE RESTRICT,
  CONSTRAINT `ACT_FK_INT_PROC_INST` FOREIGN KEY (`PROCESS_INSTANCE_ID_`) REFERENCES `act_ru_execution` (`ID_`) ON DELETE RESTRICT ON UPDATE RESTRICT
) ENGINE = InnoDB CHARACTER SET = utf8 COLLATE = utf8_bin ROW_FORMAT = Dynamic;

-- ----------------------------
-- Table structure for act_ru_job
-- ----------------------------
DROP TABLE IF EXISTS `act_ru_job`;
CREATE TABLE `act_ru_job`  (
  `ID_` varchar(64) CHARACTER SET utf8 COLLATE utf8_bin NOT NULL,
  `REV_` int(0) NULL DEFAULT NULL,
  `TYPE_` varchar(255) CHARACTER SET utf8 COLLATE utf8_bin NOT NULL,
  `LOCK_EXP_TIME_` timestamp(3) NULL DEFAULT NULL,
  `LOCK_OWNER_` varchar(255) CHARACTER SET utf8 COLLATE utf8_bin NULL DEFAULT NULL,
  `EXCLUSIVE_` tinyint(1) NULL DEFAULT NULL,
  `EXECUTION_ID_` varchar(64) CHARACTER SET utf8 COLLATE utf8_bin NULL DEFAULT NULL,
  `PROCESS_INSTANCE_ID_` varchar(64) CHARACTER SET utf8 COLLATE utf8_bin NULL DEFAULT NULL,
  `PROC_DEF_ID_` varchar(64) CHARACTER SET utf8 COLLATE utf8_bin NULL DEFAULT NULL,
  `RETRIES_` int(0) NULL DEFAULT NULL,
  `EXCEPTION_STACK_ID_` varchar(64) CHARACTER SET utf8 COLLATE utf8_bin NULL DEFAULT NULL,
  `EXCEPTION_MSG_` varchar(4000) CHARACTER SET utf8 COLLATE utf8_bin NULL DEFAULT NULL,
  `DUEDATE_` timestamp(3) NULL DEFAULT NULL,
  `REPEAT_` varchar(255) CHARACTER SET utf8 COLLATE utf8_bin NULL DEFAULT NULL,
  `HANDLER_TYPE_` varchar(255) CHARACTER SET utf8 COLLATE utf8_bin NULL DEFAULT NULL,
  `HANDLER_CFG_` varchar(4000) CHARACTER SET utf8 COLLATE utf8_bin NULL DEFAULT NULL,
  `TENANT_ID_` varchar(255) CHARACTER SET utf8 COLLATE utf8_bin NULL DEFAULT '',
  PRIMARY KEY (`ID_`) USING BTREE,
  INDEX `ACT_FK_JOB_EXECUTION`(`EXECUTION_ID_`) USING BTREE,
  INDEX `ACT_FK_JOB_PROCESS_INSTANCE`(`PROCESS_INSTANCE_ID_`) USING BTREE,
  INDEX `ACT_FK_JOB_PROC_DEF`(`PROC_DEF_ID_`) USING BTREE,
  INDEX `ACT_FK_JOB_EXCEPTION`(`EXCEPTION_STACK_ID_`) USING BTREE,
  CONSTRAINT `ACT_FK_JOB_EXCEPTION` FOREIGN KEY (`EXCEPTION_STACK_ID_`) REFERENCES `act_ge_bytearray` (`ID_`) ON DELETE RESTRICT ON UPDATE RESTRICT,
  CONSTRAINT `ACT_FK_JOB_EXECUTION` FOREIGN KEY (`EXECUTION_ID_`) REFERENCES `act_ru_execution` (`ID_`) ON DELETE RESTRICT ON UPDATE RESTRICT,
  CONSTRAINT `ACT_FK_JOB_PROC_DEF` FOREIGN KEY (`PROC_DEF_ID_`) REFERENCES `act_re_procdef` (`ID_`) ON DELETE RESTRICT ON UPDATE RESTRICT,
  CONSTRAINT `ACT_FK_JOB_PROCESS_INSTANCE` FOREIGN KEY (`PROCESS_INSTANCE_ID_`) REFERENCES `act_ru_execution` (`ID_`) ON DELETE RESTRICT ON UPDATE RESTRICT
) ENGINE = InnoDB CHARACTER SET = utf8 COLLATE = utf8_bin ROW_FORMAT = Dynamic;

-- ----------------------------
-- Table structure for act_ru_suspended_job
-- ----------------------------
DROP TABLE IF EXISTS `act_ru_suspended_job`;
CREATE TABLE `act_ru_suspended_job`  (
  `ID_` varchar(64) CHARACTER SET utf8 COLLATE utf8_bin NOT NULL,
  `REV_` int(0) NULL DEFAULT NULL,
  `TYPE_` varchar(255) CHARACTER SET utf8 COLLATE utf8_bin NOT NULL,
  `EXCLUSIVE_` tinyint(1) NULL DEFAULT NULL,
  `EXECUTION_ID_` varchar(64) CHARACTER SET utf8 COLLATE utf8_bin NULL DEFAULT NULL,
  `PROCESS_INSTANCE_ID_` varchar(64) CHARACTER SET utf8 COLLATE utf8_bin NULL DEFAULT NULL,
  `PROC_DEF_ID_` varchar(64) CHARACTER SET utf8 COLLATE utf8_bin NULL DEFAULT NULL,
  `RETRIES_` int(0) NULL DEFAULT NULL,
  `EXCEPTION_STACK_ID_` varchar(64) CHARACTER SET utf8 COLLATE utf8_bin NULL DEFAULT NULL,
  `EXCEPTION_MSG_` varchar(4000) CHARACTER SET utf8 COLLATE utf8_bin NULL DEFAULT NULL,
  `DUEDATE_` timestamp(3) NULL DEFAULT NULL,
  `REPEAT_` varchar(255) CHARACTER SET utf8 COLLATE utf8_bin NULL DEFAULT NULL,
  `HANDLER_TYPE_` varchar(255) CHARACTER SET utf8 COLLATE utf8_bin NULL DEFAULT NULL,
  `HANDLER_CFG_` varchar(4000) CHARACTER SET utf8 COLLATE utf8_bin NULL DEFAULT NULL,
  `TENANT_ID_` varchar(255) CHARACTER SET utf8 COLLATE utf8_bin NULL DEFAULT '',
  PRIMARY KEY (`ID_`) USING BTREE,
  INDEX `ACT_FK_SUSPENDED_JOB_EXECUTION`(`EXECUTION_ID_`) USING BTREE,
  INDEX `ACT_FK_SUSPENDED_JOB_PROCESS_INSTANCE`(`PROCESS_INSTANCE_ID_`) USING BTREE,
  INDEX `ACT_FK_SUSPENDED_JOB_PROC_DEF`(`PROC_DEF_ID_`) USING BTREE,
  INDEX `ACT_FK_SUSPENDED_JOB_EXCEPTION`(`EXCEPTION_STACK_ID_`) USING BTREE,
  CONSTRAINT `ACT_FK_SUSPENDED_JOB_EXCEPTION` FOREIGN KEY (`EXCEPTION_STACK_ID_`) REFERENCES `act_ge_bytearray` (`ID_`) ON DELETE RESTRICT ON UPDATE RESTRICT,
  CONSTRAINT `ACT_FK_SUSPENDED_JOB_EXECUTION` FOREIGN KEY (`EXECUTION_ID_`) REFERENCES `act_ru_execution` (`ID_`) ON DELETE RESTRICT ON UPDATE RESTRICT,
  CONSTRAINT `ACT_FK_SUSPENDED_JOB_PROC_DEF` FOREIGN KEY (`PROC_DEF_ID_`) REFERENCES `act_re_procdef` (`ID_`) ON DELETE RESTRICT ON UPDATE RESTRICT,
  CONSTRAINT `ACT_FK_SUSPENDED_JOB_PROCESS_INSTANCE` FOREIGN KEY (`PROCESS_INSTANCE_ID_`) REFERENCES `act_ru_execution` (`ID_`) ON DELETE RESTRICT ON UPDATE RESTRICT
) ENGINE = InnoDB CHARACTER SET = utf8 COLLATE = utf8_bin ROW_FORMAT = Dynamic;

-- ----------------------------
-- Table structure for act_ru_task
-- ----------------------------
DROP TABLE IF EXISTS `act_ru_task`;
CREATE TABLE `act_ru_task`  (
  `ID_` varchar(64) CHARACTER SET utf8 COLLATE utf8_bin NOT NULL,
  `REV_` int(0) NULL DEFAULT NULL,
  `EXECUTION_ID_` varchar(64) CHARACTER SET utf8 COLLATE utf8_bin NULL DEFAULT NULL,
  `PROC_INST_ID_` varchar(64) CHARACTER SET utf8 COLLATE utf8_bin NULL DEFAULT NULL,
  `PROC_DEF_ID_` varchar(64) CHARACTER SET utf8 COLLATE utf8_bin NULL DEFAULT NULL,
  `NAME_` varchar(255) CHARACTER SET utf8 COLLATE utf8_bin NULL DEFAULT NULL,
  `PARENT_TASK_ID_` varchar(64) CHARACTER SET utf8 COLLATE utf8_bin NULL DEFAULT NULL,
  `DESCRIPTION_` varchar(4000) CHARACTER SET utf8 COLLATE utf8_bin NULL DEFAULT NULL,
  `TASK_DEF_KEY_` varchar(255) CHARACTER SET utf8 COLLATE utf8_bin NULL DEFAULT NULL,
  `OWNER_` varchar(255) CHARACTER SET utf8 COLLATE utf8_bin NULL DEFAULT NULL,
  `ASSIGNEE_` varchar(255) CHARACTER SET utf8 COLLATE utf8_bin NULL DEFAULT NULL,
  `DELEGATION_` varchar(64) CHARACTER SET utf8 COLLATE utf8_bin NULL DEFAULT NULL,
  `PRIORITY_` int(0) NULL DEFAULT NULL,
  `CREATE_TIME_` timestamp(3) NULL DEFAULT NULL,
  `DUE_DATE_` datetime(3) NULL DEFAULT NULL,
  `CATEGORY_` varchar(255) CHARACTER SET utf8 COLLATE utf8_bin NULL DEFAULT NULL,
  `SUSPENSION_STATE_` int(0) NULL DEFAULT NULL,
  `TENANT_ID_` varchar(255) CHARACTER SET utf8 COLLATE utf8_bin NULL DEFAULT '',
  `FORM_KEY_` varchar(255) CHARACTER SET utf8 COLLATE utf8_bin NULL DEFAULT NULL,
  `CLAIM_TIME_` datetime(3) NULL DEFAULT NULL,
  PRIMARY KEY (`ID_`) USING BTREE,
  INDEX `ACT_IDX_TASK_CREATE`(`CREATE_TIME_`) USING BTREE,
  INDEX `ACT_FK_TASK_EXE`(`EXECUTION_ID_`) USING BTREE,
  INDEX `ACT_FK_TASK_PROCINST`(`PROC_INST_ID_`) USING BTREE,
  INDEX `ACT_FK_TASK_PROCDEF`(`PROC_DEF_ID_`) USING BTREE,
  CONSTRAINT `ACT_FK_TASK_EXE` FOREIGN KEY (`EXECUTION_ID_`) REFERENCES `act_ru_execution` (`ID_`) ON DELETE RESTRICT ON UPDATE RESTRICT,
  CONSTRAINT `ACT_FK_TASK_PROCDEF` FOREIGN KEY (`PROC_DEF_ID_`) REFERENCES `act_re_procdef` (`ID_`) ON DELETE RESTRICT ON UPDATE RESTRICT,
  CONSTRAINT `ACT_FK_TASK_PROCINST` FOREIGN KEY (`PROC_INST_ID_`) REFERENCES `act_ru_execution` (`ID_`) ON DELETE RESTRICT ON UPDATE RESTRICT
) ENGINE = InnoDB CHARACTER SET = utf8 COLLATE = utf8_bin ROW_FORMAT = Dynamic;

-- ----------------------------
-- Records of act_ru_task
-- ----------------------------
INSERT INTO `act_ru_task` VALUES ('14447ee6-bbb5-11eb-ae83-80fa5b4e5054', 1, '143849e3-bbb5-11eb-ae83-80fa5b4e5054', '1437868e-bbb5-11eb-ae83-80fa5b4e5054', 'holiday:3:096571ed-bbb5-11eb-ae83-80fa5b4e5054', '审查', NULL, NULL, 'sc', NULL, 'jack', NULL, 50, '2021-05-23 18:53:16.774', NULL, NULL, 1, '', NULL, NULL);
INSERT INTO `act_ru_task` VALUES ('36e0d124-bbb5-11eb-ae83-80fa5b4e5054', 1, '36e0aa11-bbb5-11eb-ae83-80fa5b4e5054', '36e0aa0c-bbb5-11eb-ae83-80fa5b4e5054', 'holiday:4:33bf1ebb-bbb5-11eb-ae83-80fa5b4e5054', '审查1', NULL, NULL, 'sc', NULL, 'jack', NULL, 50, '2021-05-23 18:54:14.911', NULL, NULL, 1, '', NULL, NULL);
INSERT INTO `act_ru_task` VALUES ('bc497ea6-bbc0-11eb-ae0f-80fa5b4e5054', 1, '10b459fb-bbbd-11eb-8598-80fa5b4e5054', '10b28536-bbbd-11eb-8598-80fa5b4e5054', 'holiday:4:33bf1ebb-bbb5-11eb-ae83-80fa5b4e5054', '审核', NULL, NULL, 'sh', NULL, '128f0cef30bb5de95bfbd58dc2ca3114', NULL, 50, '2021-05-23 20:16:43.179', NULL, NULL, 1, '', NULL, NULL);

-- ----------------------------
-- Table structure for act_ru_timer_job
-- ----------------------------
DROP TABLE IF EXISTS `act_ru_timer_job`;
CREATE TABLE `act_ru_timer_job`  (
  `ID_` varchar(64) CHARACTER SET utf8 COLLATE utf8_bin NOT NULL,
  `REV_` int(0) NULL DEFAULT NULL,
  `TYPE_` varchar(255) CHARACTER SET utf8 COLLATE utf8_bin NOT NULL,
  `LOCK_EXP_TIME_` timestamp(3) NULL DEFAULT NULL,
  `LOCK_OWNER_` varchar(255) CHARACTER SET utf8 COLLATE utf8_bin NULL DEFAULT NULL,
  `EXCLUSIVE_` tinyint(1) NULL DEFAULT NULL,
  `EXECUTION_ID_` varchar(64) CHARACTER SET utf8 COLLATE utf8_bin NULL DEFAULT NULL,
  `PROCESS_INSTANCE_ID_` varchar(64) CHARACTER SET utf8 COLLATE utf8_bin NULL DEFAULT NULL,
  `PROC_DEF_ID_` varchar(64) CHARACTER SET utf8 COLLATE utf8_bin NULL DEFAULT NULL,
  `RETRIES_` int(0) NULL DEFAULT NULL,
  `EXCEPTION_STACK_ID_` varchar(64) CHARACTER SET utf8 COLLATE utf8_bin NULL DEFAULT NULL,
  `EXCEPTION_MSG_` varchar(4000) CHARACTER SET utf8 COLLATE utf8_bin NULL DEFAULT NULL,
  `DUEDATE_` timestamp(3) NULL DEFAULT NULL,
  `REPEAT_` varchar(255) CHARACTER SET utf8 COLLATE utf8_bin NULL DEFAULT NULL,
  `HANDLER_TYPE_` varchar(255) CHARACTER SET utf8 COLLATE utf8_bin NULL DEFAULT NULL,
  `HANDLER_CFG_` varchar(4000) CHARACTER SET utf8 COLLATE utf8_bin NULL DEFAULT NULL,
  `TENANT_ID_` varchar(255) CHARACTER SET utf8 COLLATE utf8_bin NULL DEFAULT '',
  PRIMARY KEY (`ID_`) USING BTREE,
  INDEX `ACT_FK_TIMER_JOB_EXECUTION`(`EXECUTION_ID_`) USING BTREE,
  INDEX `ACT_FK_TIMER_JOB_PROCESS_INSTANCE`(`PROCESS_INSTANCE_ID_`) USING BTREE,
  INDEX `ACT_FK_TIMER_JOB_PROC_DEF`(`PROC_DEF_ID_`) USING BTREE,
  INDEX `ACT_FK_TIMER_JOB_EXCEPTION`(`EXCEPTION_STACK_ID_`) USING BTREE,
  CONSTRAINT `ACT_FK_TIMER_JOB_EXCEPTION` FOREIGN KEY (`EXCEPTION_STACK_ID_`) REFERENCES `act_ge_bytearray` (`ID_`) ON DELETE RESTRICT ON UPDATE RESTRICT,
  CONSTRAINT `ACT_FK_TIMER_JOB_EXECUTION` FOREIGN KEY (`EXECUTION_ID_`) REFERENCES `act_ru_execution` (`ID_`) ON DELETE RESTRICT ON UPDATE RESTRICT,
  CONSTRAINT `ACT_FK_TIMER_JOB_PROC_DEF` FOREIGN KEY (`PROC_DEF_ID_`) REFERENCES `act_re_procdef` (`ID_`) ON DELETE RESTRICT ON UPDATE RESTRICT,
  CONSTRAINT `ACT_FK_TIMER_JOB_PROCESS_INSTANCE` FOREIGN KEY (`PROCESS_INSTANCE_ID_`) REFERENCES `act_ru_execution` (`ID_`) ON DELETE RESTRICT ON UPDATE RESTRICT
) ENGINE = InnoDB CHARACTER SET = utf8 COLLATE = utf8_bin ROW_FORMAT = Dynamic;

-- ----------------------------
-- Table structure for act_ru_variable
-- ----------------------------
DROP TABLE IF EXISTS `act_ru_variable`;
CREATE TABLE `act_ru_variable`  (
  `ID_` varchar(64) CHARACTER SET utf8 COLLATE utf8_bin NOT NULL,
  `REV_` int(0) NULL DEFAULT NULL,
  `TYPE_` varchar(255) CHARACTER SET utf8 COLLATE utf8_bin NOT NULL,
  `NAME_` varchar(255) CHARACTER SET utf8 COLLATE utf8_bin NOT NULL,
  `EXECUTION_ID_` varchar(64) CHARACTER SET utf8 COLLATE utf8_bin NULL DEFAULT NULL,
  `PROC_INST_ID_` varchar(64) CHARACTER SET utf8 COLLATE utf8_bin NULL DEFAULT NULL,
  `TASK_ID_` varchar(64) CHARACTER SET utf8 COLLATE utf8_bin NULL DEFAULT NULL,
  `BYTEARRAY_ID_` varchar(64) CHARACTER SET utf8 COLLATE utf8_bin NULL DEFAULT NULL,
  `DOUBLE_` double NULL DEFAULT NULL,
  `LONG_` bigint(0) NULL DEFAULT NULL,
  `TEXT_` varchar(4000) CHARACTER SET utf8 COLLATE utf8_bin NULL DEFAULT NULL,
  `TEXT2_` varchar(4000) CHARACTER SET utf8 COLLATE utf8_bin NULL DEFAULT NULL,
  PRIMARY KEY (`ID_`) USING BTREE,
  INDEX `ACT_IDX_VARIABLE_TASK_ID`(`TASK_ID_`) USING BTREE,
  INDEX `ACT_FK_VAR_EXE`(`EXECUTION_ID_`) USING BTREE,
  INDEX `ACT_FK_VAR_PROCINST`(`PROC_INST_ID_`) USING BTREE,
  INDEX `ACT_FK_VAR_BYTEARRAY`(`BYTEARRAY_ID_`) USING BTREE,
  CONSTRAINT `ACT_FK_VAR_BYTEARRAY` FOREIGN KEY (`BYTEARRAY_ID_`) REFERENCES `act_ge_bytearray` (`ID_`) ON DELETE RESTRICT ON UPDATE RESTRICT,
  CONSTRAINT `ACT_FK_VAR_EXE` FOREIGN KEY (`EXECUTION_ID_`) REFERENCES `act_ru_execution` (`ID_`) ON DELETE RESTRICT ON UPDATE RESTRICT,
  CONSTRAINT `ACT_FK_VAR_PROCINST` FOREIGN KEY (`PROC_INST_ID_`) REFERENCES `act_ru_execution` (`ID_`) ON DELETE RESTRICT ON UPDATE RESTRICT
) ENGINE = InnoDB CHARACTER SET = utf8 COLLATE = utf8_bin ROW_FORMAT = Dynamic;

-- ----------------------------
-- Records of act_ru_variable
-- ----------------------------
INSERT INTO `act_ru_variable` VALUES ('10b32177-bbbd-11eb-8598-80fa5b4e5054', 1, 'string', 'scUser', '10b28536-bbbd-11eb-8598-80fa5b4e5054', '10b28536-bbbd-11eb-8598-80fa5b4e5054', NULL, NULL, NULL, NULL, '123', NULL);
INSERT INTO `act_ru_variable` VALUES ('10b40bd9-bbbd-11eb-8598-80fa5b4e5054', 1, 'string', 'org', '10b28536-bbbd-11eb-8598-80fa5b4e5054', '10b28536-bbbd-11eb-8598-80fa5b4e5054', NULL, NULL, NULL, NULL, 'activitiTeam', NULL);
INSERT INTO `act_ru_variable` VALUES ('1437d4af-bbb5-11eb-ae83-80fa5b4e5054', 1, 'string', 'scUser', '1437868e-bbb5-11eb-ae83-80fa5b4e5054', '1437868e-bbb5-11eb-ae83-80fa5b4e5054', NULL, NULL, NULL, NULL, 'jack', NULL);
INSERT INTO `act_ru_variable` VALUES ('143822d1-bbb5-11eb-ae83-80fa5b4e5054', 1, 'string', 'org', '1437868e-bbb5-11eb-ae83-80fa5b4e5054', '1437868e-bbb5-11eb-ae83-80fa5b4e5054', NULL, NULL, NULL, NULL, 'activitiTeam', NULL);
INSERT INTO `act_ru_variable` VALUES ('36e0aa0d-bbb5-11eb-ae83-80fa5b4e5054', 1, 'string', 'scUser', '36e0aa0c-bbb5-11eb-ae83-80fa5b4e5054', '36e0aa0c-bbb5-11eb-ae83-80fa5b4e5054', NULL, NULL, NULL, NULL, 'jack', NULL);
INSERT INTO `act_ru_variable` VALUES ('36e0aa0f-bbb5-11eb-ae83-80fa5b4e5054', 1, 'string', 'org', '36e0aa0c-bbb5-11eb-ae83-80fa5b4e5054', '36e0aa0c-bbb5-11eb-ae83-80fa5b4e5054', NULL, NULL, NULL, NULL, 'activitiTeam', NULL);
INSERT INTO `act_ru_variable` VALUES ('bc353353-bbc0-11eb-ae0f-80fa5b4e5054', 1, 'string', 'shUser', '10b28536-bbbd-11eb-8598-80fa5b4e5054', '10b28536-bbbd-11eb-8598-80fa5b4e5054', NULL, NULL, NULL, NULL, '128f0cef30bb5de95bfbd58dc2ca3114', NULL);

-- ----------------------------
-- Table structure for t_ac_func
-- ----------------------------
DROP TABLE IF EXISTS `t_ac_func`;
CREATE TABLE `t_ac_func`  (
  `ID` varchar(32) CHARACTER SET utf8 COLLATE utf8_general_ci NOT NULL,
  `PID` varchar(32) CHARACTER SET utf8 COLLATE utf8_general_ci NULL DEFAULT NULL,
  `FUNC_NAME` varchar(50) CHARACTER SET utf8 COLLATE utf8_general_ci NULL DEFAULT NULL,
  `VIEW_PATH` varchar(255) CHARACTER SET utf8 COLLATE utf8_general_ci NULL DEFAULT NULL,
  `IMAGE_PATH` varchar(100) CHARACTER SET utf8 COLLATE utf8_general_ci NULL DEFAULT NULL,
  `FUNC_ORDER` int(0) NULL DEFAULT NULL,
  `CREATE_USER` varchar(32) CHARACTER SET utf8 COLLATE utf8_general_ci NULL DEFAULT NULL,
  `CREATE_TIME` datetime(0) NULL DEFAULT NULL,
  `UPDATE_USER` varchar(32) CHARACTER SET utf8 COLLATE utf8_general_ci NULL DEFAULT NULL,
  `UPDATE_TIME` datetime(0) NULL DEFAULT NULL,
  `IS_VALID` int(0) NOT NULL,
  PRIMARY KEY (`ID`) USING BTREE
) ENGINE = InnoDB CHARACTER SET = utf8 COLLATE = utf8_general_ci ROW_FORMAT = Dynamic;

-- ----------------------------
-- Records of t_ac_func
-- ----------------------------
INSERT INTO `t_ac_func` VALUES ('1', '0', '根节点', NULL, NULL, NULL, 'syscreate', '2019-12-19 21:42:51', NULL, NULL, 2);
INSERT INTO `t_ac_func` VALUES ('2', '1', '系统权限', '', '&#xe604;', NULL, 'syscreate', '2019-12-19 21:44:05', NULL, NULL, 1);
INSERT INTO `t_ac_func` VALUES ('4', '2', '用户管理', '/home/user', '&#xe602;', NULL, 'syscreate', '2019-12-19 21:44:47', NULL, NULL, 1);
INSERT INTO `t_ac_func` VALUES ('4028fc8b6f3d4c16016f3d4f98c40000', '2', '部门管理', '/home/org', '&#xe601;', NULL, '00001', '2019-12-25 21:51:00', '00001', '2019-12-25 21:51:00', 1);
INSERT INTO `t_ac_func` VALUES ('5', '2', '角色管理', '/home/role', '&#xe603;', NULL, 'syscreate', '2019-12-19 21:44:47', NULL, NULL, 1);
INSERT INTO `t_ac_func` VALUES ('6', '2', '菜单管理', '/home/func', '&#xe605;', NULL, 'syscreate', '2019-12-19 21:44:47', NULL, NULL, 1);
INSERT INTO `t_ac_func` VALUES ('99a15013dbec5395ac9e969b320a3010', 'fef8cb27ecaa0fbefe2c8bd9c451d2e9', '流程测试', '/home/flowInst', '&#xe604;', 2, 'syscreate', '2019-12-19 21:44:05', '001', '2021-05-16 14:24:16', 1);
INSERT INTO `t_ac_func` VALUES ('9d20a0d5760af198a1870dd57e3b7ccd', 'fef8cb27ecaa0fbefe2c8bd9c451d2e9', '流程定义', '/home/flowDef', '&#xe604;', 1, 'syscreate', '2019-12-19 21:44:05', '001', '2021-05-16 14:24:16', 1);
INSERT INTO `t_ac_func` VALUES ('dca56ae0cb5f49ed0a82690b00942cdb', 'fef8cb27ecaa0fbefe2c8bd9c451d2e9', '流程定义', '/home/flowDef', '&#xe604;', NULL, 'syscreate', '2019-12-19 21:44:05', '001', '2021-05-16 14:24:16', 2);
INSERT INTO `t_ac_func` VALUES ('fef8cb27ecaa0fbefe2c8bd9c451d2e9', '1', '流程管理', '', '&#xe604;', NULL, 'syscreate', '2019-12-19 21:44:05', '001', '2021-05-16 14:24:16', 1);

-- ----------------------------
-- Table structure for t_ac_org
-- ----------------------------
DROP TABLE IF EXISTS `t_ac_org`;
CREATE TABLE `t_ac_org`  (
  `ID` varchar(32) CHARACTER SET utf8 COLLATE utf8_general_ci NOT NULL,
  `ORG_NAME` varchar(32) CHARACTER SET utf8 COLLATE utf8_general_ci NULL DEFAULT NULL COMMENT '部门名称',
  `PID` varchar(32) CHARACTER SET utf8 COLLATE utf8_general_ci NULL DEFAULT NULL COMMENT '上级节点',
  `CREATE_USER` varchar(32) CHARACTER SET utf8 COLLATE utf8_general_ci NULL DEFAULT NULL COMMENT '创建人',
  `CREATE_TIME` datetime(0) NULL DEFAULT NULL COMMENT '创建时间',
  `UPDATE_USER` varchar(32) CHARACTER SET utf8 COLLATE utf8_general_ci NULL DEFAULT NULL COMMENT '修改人',
  `UPDATE_TIME` datetime(0) NULL DEFAULT NULL COMMENT '修改时间',
  `IS_VALID` int(0) NULL DEFAULT NULL COMMENT '是否有效（1有效2无效）',
  PRIMARY KEY (`ID`) USING BTREE
) ENGINE = InnoDB CHARACTER SET = utf8 COLLATE = utf8_general_ci ROW_FORMAT = Dynamic;

-- ----------------------------
-- Records of t_ac_org
-- ----------------------------
INSERT INTO `t_ac_org` VALUES ('1', '根节点', '0', 'syscreate', '2019-12-29 21:25:26', NULL, NULL, 1);
INSERT INTO `t_ac_org` VALUES ('2', '开发部门', '1', 'syscreate', '2019-12-29 21:25:26', NULL, NULL, 1);
INSERT INTO `t_ac_org` VALUES ('3', '维护部门', '1', 'syscreate', '2019-12-29 21:25:26', NULL, NULL, 1);
INSERT INTO `t_ac_org` VALUES ('4', '开发一组', '2', 'syscreate', '2019-12-29 21:25:26', NULL, NULL, 1);
INSERT INTO `t_ac_org` VALUES ('4028fc8b6f56cfab016f56cff7650000', '开发二组', '2', 'syscreate', '2019-12-29 21:25:26', '00001', '2020-01-01 14:40:45', 1);
INSERT INTO `t_ac_org` VALUES ('53b0ff23dfc7b04fbd6a87fcb48883cf', '维护一部', '3', '001', '2021-04-18 04:43:26', '001', '2021-04-18 21:48:24', 1);
INSERT INTO `t_ac_org` VALUES ('c5beb3a83d8782468d9887746b3e126d', '维护二部', '3', '001', '2021-04-18 12:44:12', NULL, NULL, 2);

-- ----------------------------
-- Table structure for t_ac_role
-- ----------------------------
DROP TABLE IF EXISTS `t_ac_role`;
CREATE TABLE `t_ac_role`  (
  `ID` varchar(32) CHARACTER SET utf8 COLLATE utf8_general_ci NOT NULL,
  `ROLE_NAME` varchar(32) CHARACTER SET utf8 COLLATE utf8_general_ci NULL DEFAULT NULL COMMENT '部门名称',
  `CREATE_USER` varchar(32) CHARACTER SET utf8 COLLATE utf8_general_ci NULL DEFAULT NULL COMMENT '创建人',
  `CREATE_TIME` datetime(0) NULL DEFAULT NULL COMMENT '创建时间',
  `UPDATE_USER` varchar(32) CHARACTER SET utf8 COLLATE utf8_general_ci NULL DEFAULT NULL COMMENT '修改人',
  `UPDATE_TIME` datetime(0) NULL DEFAULT NULL COMMENT '修改时间',
  `IS_VALID` int(0) NULL DEFAULT NULL COMMENT '是否有效（1有效2无效）',
  PRIMARY KEY (`ID`) USING BTREE
) ENGINE = InnoDB CHARACTER SET = utf8 COLLATE = utf8_general_ci ROW_FORMAT = Dynamic;

-- ----------------------------
-- Records of t_ac_role
-- ----------------------------
INSERT INTO `t_ac_role` VALUES ('00001', '管理员', 'sys', '2020-01-18 19:40:25', NULL, NULL, 1);
INSERT INTO `t_ac_role` VALUES ('40281e816fb875e8016fb87a597e0001', '程序员鼓励师', '00001', '2020-01-18 19:47:04', '00001', '2020-01-18 20:07:11', 1);
INSERT INTO `t_ac_role` VALUES ('a59219678978c3ded2e4c3017d8853d1', 'test2', '001', '2021-05-04 22:36:49', NULL, NULL, 1);
INSERT INTO `t_ac_role` VALUES ('bc3ce95258458ab1e775a7e19c722fb4', 'test2', '001', '2021-05-04 19:43:12', '001', '2021-05-04 19:43:17', 2);
INSERT INTO `t_ac_role` VALUES ('dde8ce1021c79830d698c8f42a2907db', 'test3', '001', '2021-05-04 22:36:53', NULL, NULL, 1);

-- ----------------------------
-- Table structure for t_ac_role_func
-- ----------------------------
DROP TABLE IF EXISTS `t_ac_role_func`;
CREATE TABLE `t_ac_role_func`  (
  `ID` varchar(32) CHARACTER SET utf8 COLLATE utf8_general_ci NOT NULL,
  `FUNC_ID` varchar(32) CHARACTER SET utf8 COLLATE utf8_general_ci NULL DEFAULT NULL COMMENT '用户id',
  `ROLE_ID` varchar(32) CHARACTER SET utf8 COLLATE utf8_general_ci NULL DEFAULT NULL COMMENT '部门id',
  `CREATE_USER` varchar(32) CHARACTER SET utf8 COLLATE utf8_general_ci NULL DEFAULT NULL COMMENT '创建人',
  `CREATE_TIME` datetime(0) NULL DEFAULT NULL COMMENT '创建时间',
  `UPDATE_USER` varchar(32) CHARACTER SET utf8 COLLATE utf8_general_ci NULL DEFAULT NULL COMMENT '修改人',
  `UPDATE_TIME` datetime(0) NULL DEFAULT NULL COMMENT '修改时间',
  `IS_VALID` int(0) NULL DEFAULT NULL COMMENT '是否有效（1有效2无效）',
  PRIMARY KEY (`ID`) USING BTREE
) ENGINE = InnoDB CHARACTER SET = utf8 COLLATE = utf8_general_ci ROW_FORMAT = Dynamic;

-- ----------------------------
-- Records of t_ac_role_func
-- ----------------------------
INSERT INTO `t_ac_role_func` VALUES ('6a59a862fb0ece80ab144b7d9a372b71', '4', '40281e816fb875e8016fb87a597e0001', '001', '2021-05-04 20:59:09', '001', '2021-05-04 21:50:31', 1);
INSERT INTO `t_ac_role_func` VALUES ('c055f346b667b4d804a29ffe69125426', '4028fc8b6f3d4c16016f3d4f98c40000', '40281e816fb875e8016fb87a597e0001', '001', '2021-05-04 20:59:12', '001', '2021-05-04 21:50:31', 1);
INSERT INTO `t_ac_role_func` VALUES ('e598dbbf899716d95eaf6dafd568e3ef', '2', '40281e816fb875e8016fb87a597e0001', '001', '2021-05-04 20:59:12', '001', '2021-05-04 21:50:31', 1);
INSERT INTO `t_ac_role_func` VALUES ('e9bcf0425b08f09ef92ce033244749be', '5', '40281e816fb875e8016fb87a597e0001', '001', '2021-05-04 20:59:12', '001', '2021-05-04 21:50:31', 1);

-- ----------------------------
-- Table structure for t_ac_role_org
-- ----------------------------
DROP TABLE IF EXISTS `t_ac_role_org`;
CREATE TABLE `t_ac_role_org`  (
  `ID` varchar(32) CHARACTER SET utf8 COLLATE utf8_general_ci NOT NULL,
  `ORG_ID` varchar(32) CHARACTER SET utf8 COLLATE utf8_general_ci NULL DEFAULT NULL COMMENT '用户id',
  `ROLE_ID` varchar(32) CHARACTER SET utf8 COLLATE utf8_general_ci NULL DEFAULT NULL COMMENT '部门id',
  `CREATE_USER` varchar(32) CHARACTER SET utf8 COLLATE utf8_general_ci NULL DEFAULT NULL COMMENT '创建人',
  `CREATE_TIME` datetime(0) NULL DEFAULT NULL COMMENT '创建时间',
  `UPDATE_USER` varchar(32) CHARACTER SET utf8 COLLATE utf8_general_ci NULL DEFAULT NULL COMMENT '修改人',
  `UPDATE_TIME` datetime(0) NULL DEFAULT NULL COMMENT '修改时间',
  `IS_VALID` int(0) NULL DEFAULT NULL COMMENT '是否有效（1有效2无效）',
  PRIMARY KEY (`ID`) USING BTREE
) ENGINE = InnoDB CHARACTER SET = utf8 COLLATE = utf8_general_ci ROW_FORMAT = Dynamic;

-- ----------------------------
-- Records of t_ac_role_org
-- ----------------------------
INSERT INTO `t_ac_role_org` VALUES ('40281e816fb875e8016fb87a608e0002', '4', '40281e816fb875e8016fb87a597e0001', '00001', '2020-01-18 19:47:05', NULL, NULL, 1);
INSERT INTO `t_ac_role_org` VALUES ('604a7d86869a06cdac24e8e89aa36014', '4', 'a59219678978c3ded2e4c3017d8853d1', '001', '2021-05-04 22:36:49', NULL, NULL, 1);
INSERT INTO `t_ac_role_org` VALUES ('79cea86cf48bf92819a9fb2342e6a1fd', '4', 'bc3ce95258458ab1e775a7e19c722fb4', '001', '2021-05-04 19:43:12', NULL, NULL, 1);
INSERT INTO `t_ac_role_org` VALUES ('afccc2d2fed7a7c9506456bedc4e5009', '4', 'dde8ce1021c79830d698c8f42a2907db', '001', '2021-05-04 22:36:53', NULL, NULL, 1);

-- ----------------------------
-- Table structure for t_ac_user
-- ----------------------------
DROP TABLE IF EXISTS `t_ac_user`;
CREATE TABLE `t_ac_user`  (
  `ID` varchar(32) CHARACTER SET utf8 COLLATE utf8_general_ci NOT NULL,
  `LOGIN_NAME` varchar(32) CHARACTER SET utf8 COLLATE utf8_general_ci NULL DEFAULT NULL COMMENT '登录名',
  `PASSWORD` varchar(32) CHARACTER SET utf8 COLLATE utf8_general_ci NULL DEFAULT NULL COMMENT '密码',
  `USER_NAME` varchar(32) CHARACTER SET utf8 COLLATE utf8_general_ci NULL DEFAULT NULL COMMENT '姓名',
  `SEX` int(0) NULL DEFAULT NULL COMMENT '1男2女',
  `EMAIL` varchar(32) CHARACTER SET utf8 COLLATE utf8_general_ci NULL DEFAULT NULL COMMENT '邮箱',
  `PHONE` varchar(32) CHARACTER SET utf8 COLLATE utf8_general_ci NULL DEFAULT NULL COMMENT '手机',
  `CREATE_USER` varchar(32) CHARACTER SET utf8 COLLATE utf8_general_ci NULL DEFAULT NULL COMMENT '创建人',
  `CREATE_TIME` datetime(0) NULL DEFAULT NULL COMMENT '创建时间',
  `UPDATE_USER` varchar(32) CHARACTER SET utf8 COLLATE utf8_general_ci NULL DEFAULT NULL COMMENT '修改人',
  `UPDATE_TIME` datetime(0) NULL DEFAULT NULL COMMENT '修改时间',
  `IS_VALID` int(0) NULL DEFAULT NULL COMMENT '是否有效（1有效2无效）',
  PRIMARY KEY (`ID`) USING BTREE
) ENGINE = InnoDB CHARACTER SET = utf8 COLLATE = utf8_general_ci ROW_FORMAT = Dynamic;

-- ----------------------------
-- Records of t_ac_user
-- ----------------------------
INSERT INTO `t_ac_user` VALUES ('001', 'admin', '96e79218965eb72c92a549dd5a330112', '管理员', NULL, '1020053105@qq.com', '13880666081', 'syscreate', '2019-12-14 13:34:13', '001', '2020-01-30 21:24:21', 1);
INSERT INTO `t_ac_user` VALUES ('128f0cef30bb5de95bfbd58dc2ca3114', 'wuren', '96e79218965eb72c92a549dd5a330112', '乌仁', 2, 'undefined@gmail.com', '15801158548', '001', '2021-04-22 22:01:31', '001', '2021-04-27 21:31:07', 2);
INSERT INTO `t_ac_user` VALUES ('9e226502d2f6195dfdec1bd4708b3841', 'yangwen', '96e79218965eb72c92a549dd5a330112', '杨文', 1, '1020053105@qq.com', '19520196860', '001', '2021-04-27 22:18:09', '001', '2021-04-27 22:25:28', 1);

-- ----------------------------
-- Table structure for t_ac_user_org
-- ----------------------------
DROP TABLE IF EXISTS `t_ac_user_org`;
CREATE TABLE `t_ac_user_org`  (
  `ID` varchar(32) CHARACTER SET utf8 COLLATE utf8_general_ci NOT NULL,
  `USER_ID` varchar(32) CHARACTER SET utf8 COLLATE utf8_general_ci NULL DEFAULT NULL COMMENT '用户id',
  `ORG_ID` varchar(32) CHARACTER SET utf8 COLLATE utf8_general_ci NULL DEFAULT NULL COMMENT '部门id',
  `CREATE_USER` varchar(32) CHARACTER SET utf8 COLLATE utf8_general_ci NULL DEFAULT NULL COMMENT '创建人',
  `CREATE_TIME` datetime(0) NULL DEFAULT NULL COMMENT '创建时间',
  `UPDATE_USER` varchar(32) CHARACTER SET utf8 COLLATE utf8_general_ci NULL DEFAULT NULL COMMENT '修改人',
  `UPDATE_TIME` datetime(0) NULL DEFAULT NULL COMMENT '修改时间',
  `IS_VALID` int(0) NULL DEFAULT NULL COMMENT '是否有效（1有效2无效）',
  PRIMARY KEY (`ID`) USING BTREE
) ENGINE = InnoDB CHARACTER SET = utf8 COLLATE = utf8_general_ci ROW_FORMAT = Dynamic;

-- ----------------------------
-- Records of t_ac_user_org
-- ----------------------------
INSERT INTO `t_ac_user_org` VALUES ('6aac48ee993601607262c258aea4c560', '128f0cef30bb5de95bfbd58dc2ca3114', '4', '001', '2021-04-22 22:01:31', NULL, NULL, 1);
INSERT INTO `t_ac_user_org` VALUES ('d347dd21a61b6f2c462d15363b143100', '9e226502d2f6195dfdec1bd4708b3841', '4', '001', '2021-04-27 22:18:09', NULL, NULL, 1);

-- ----------------------------
-- Table structure for t_ac_user_role
-- ----------------------------
DROP TABLE IF EXISTS `t_ac_user_role`;
CREATE TABLE `t_ac_user_role`  (
  `ID` varchar(32) CHARACTER SET utf8 COLLATE utf8_general_ci NOT NULL,
  `USER_ID` varchar(32) CHARACTER SET utf8 COLLATE utf8_general_ci NULL DEFAULT NULL COMMENT '用户id',
  `ROLE_ID` varchar(32) CHARACTER SET utf8 COLLATE utf8_general_ci NULL DEFAULT NULL COMMENT '部门id',
  `CREATE_USER` varchar(32) CHARACTER SET utf8 COLLATE utf8_general_ci NULL DEFAULT NULL COMMENT '创建人',
  `CREATE_TIME` datetime(0) NULL DEFAULT NULL COMMENT '创建时间',
  `UPDATE_USER` varchar(32) CHARACTER SET utf8 COLLATE utf8_general_ci NULL DEFAULT NULL COMMENT '修改人',
  `UPDATE_TIME` datetime(0) NULL DEFAULT NULL COMMENT '修改时间',
  `IS_VALID` int(0) NULL DEFAULT NULL COMMENT '是否有效（1有效2无效）',
  PRIMARY KEY (`ID`) USING BTREE
) ENGINE = InnoDB CHARACTER SET = utf8 COLLATE = utf8_general_ci ROW_FORMAT = Dynamic;

-- ----------------------------
-- Records of t_ac_user_role
-- ----------------------------
INSERT INTO `t_ac_user_role` VALUES ('46486904d66724fd76682470f103ab3c', '9e226502d2f6195dfdec1bd4708b3841', '40281e816fb875e8016fb87a597e0001', '001', '2021-04-27 22:43:53', NULL, NULL, 1);
INSERT INTO `t_ac_user_role` VALUES ('8274d614bb52592c11b272cd55ddca64', '128f0cef30bb5de95bfbd58dc2ca3114', '40281e816fb875e8016fb87a597e0001', '001', '2021-04-24 21:48:39', NULL, NULL, 2);
INSERT INTO `t_ac_user_role` VALUES ('d903401797709ec011d1dbd0357e5a40', '128f0cef30bb5de95bfbd58dc2ca3114', '40281e816fb875e8016fb87a597e0001', '001', '2021-04-24 21:48:52', NULL, NULL, 1);
INSERT INTO `t_ac_user_role` VALUES ('e1574a52952e100d92725b3f47ea0032', '128f0cef30bb5de95bfbd58dc2ca3114', '40281e816fb875e8016fb87a597e0001', '001', '2021-04-24 21:40:05', '001', '2021-04-24 21:47:14', 2);

-- ----------------------------
-- Table structure for t_act_deployment
-- ----------------------------
DROP TABLE IF EXISTS `t_act_deployment`;
CREATE TABLE `t_act_deployment`  (
  `ID` varchar(32) CHARACTER SET utf8 COLLATE utf8_general_ci NOT NULL,
  `DEV_NAME` varchar(200) CHARACTER SET utf8 COLLATE utf8_general_ci NULL DEFAULT NULL COMMENT '登录名',
  `CATEGORY` varchar(200) CHARACTER SET utf8 COLLATE utf8_general_ci NULL DEFAULT NULL COMMENT '密码',
  `DEV_KEY` varchar(200) CHARACTER SET utf8 COLLATE utf8_general_ci NULL DEFAULT NULL COMMENT '姓名',
  `DEV_ID` varchar(100) CHARACTER SET utf8 COLLATE utf8_general_ci NULL DEFAULT NULL,
  `CREATE_USER` varchar(32) CHARACTER SET utf8 COLLATE utf8_general_ci NULL DEFAULT NULL COMMENT '创建人',
  `CREATE_TIME` datetime(0) NULL DEFAULT NULL COMMENT '创建时间',
  `UPDATE_USER` varchar(32) CHARACTER SET utf8 COLLATE utf8_general_ci NULL DEFAULT NULL COMMENT '修改人',
  `UPDATE_TIME` datetime(0) NULL DEFAULT NULL COMMENT '修改时间',
  `IS_VALID` int(0) NULL DEFAULT NULL COMMENT '是否有效（1有效2无效）',
  PRIMARY KEY (`ID`) USING BTREE
) ENGINE = InnoDB CHARACTER SET = utf8 COLLATE = utf8_general_ci ROW_FORMAT = Dynamic;

-- ----------------------------
-- Records of t_act_deployment
-- ----------------------------
INSERT INTO `t_act_deployment` VALUES ('d1c8d60f41c1a838f833cba0aacbeb73', '请假', '一般流程', 'holiday', '33b3ad09-bbb5-11eb-ae83-80fa5b4e5054', '001', '2021-05-23 18:49:57', '001', '2021-05-23 18:52:59', 1);

SET FOREIGN_KEY_CHECKS = 1;
